<?xml version="1.0" encoding="utf-8" ?><dwsync><file name="segoeui.ttf" server="ftp.iemme.it//www.iemme.it/marss/" local="3457969608" remote="12061870352" Dst="-1" /><file name="segoeuil.ttf" server="ftp.iemme.it//www.iemme.it/marss/" local="3457969608" remote="12061870352" Dst="-1" /><file name="segoeuisl.ttf" server="ftp.iemme.it//www.iemme.it/marss/" local="3457969608" remote="12061870352" Dst="-1" /><file name="segoeui.ttf" server="ftp.iemme.it//www.iemme.it/marss1/" local="3457969608" remote="12062818592" Dst="-1" /><file name="segoeuisl.ttf" server="ftp.iemme.it//www.iemme.it/marss1/" local="3457969608" remote="12062818712" Dst="-1" /><file name="segoeui.ttf" server="185.4.155.12/public_html/cisura_it/" local="3457969608" remote="12071014052" Dst="-1" /><file name="segoeuil.ttf" server="185.4.155.12/public_html/cisura_it/" local="3457969608" remote="12071014112" Dst="-1" /><file name="segoeuisl.ttf" server="185.4.155.12/public_html/cisura_it/" local="3457969608" remote="12071014112" Dst="-1" /><file name="segoeuil.ttf" server="ftp.erboristeriaantichisegreti.it//www.erboristeriaantichisegreti.it/" local="3457969608" remote="318763443878065512" Dst="-1" /><file name="segoeui.ttf" server="ftp.erboristeriaantichisegreti.it//www.erboristeriaantichisegreti.it/" local="3457969608" remote="318763443878065512" Dst="-1" /><file name="segoeuisl.ttf" server="ftp.erboristeriaantichisegreti.it//www.erboristeriaantichisegreti.it/" local="3457969608" remote="318763443878065512" Dst="-1" /><file name="segoeuil.ttf" server="185.4.155.12/public_html/rosaorlando_it/" local="3457969608" remote="318763443880029612" Dst="-1" /><file name="segoeui.ttf" server="185.4.155.12/public_html/rosaorlando_it/" local="3457969608" remote="318763443880029612" Dst="-1" /><file name="segoeuisl.ttf" server="185.4.155.12/public_html/rosaorlando_it/" local="3457969608" remote="318763443880029672" Dst="-1" /><file name="segoeuil.ttf" server="185.4.155.12/public_html/sekurbox_it/" local="3457969608" remote="318763443885647652" Dst="-1" /><file name="segoeui.ttf" server="185.4.155.12/public_html/sekurbox_it/" local="3457969608" remote="318763443885647712" Dst="-1" /><file name="segoeuisl.ttf" server="185.4.155.12/public_html/sekurbox_it/" local="3457969608" remote="318763443885647712" Dst="-1" /><file name="segoeui.ttf" server="ftp.sekurbox.it//htdocs/" local="3457969608" remote="318763443889024932" Dst="-1" /><file name="segoeuil.ttf" server="ftp.sekurbox.it//htdocs/" local="3457969608" remote="318763443889024992" Dst="-1" /><file name="segoeuisl.ttf" server="ftp.sekurbox.it//htdocs/" local="3457969608" remote="318763443889024992" Dst="-1" /></dwsync>