<?xml version="1.0" encoding="utf-8" ?><dwsync><file name="Jcrop.gif" server="ftp.iemme.it//www.iemme.it/marss/" local="3457969608" remote="12061870412" Dst="-1" /><file name="jquery.Jcrop.css" server="ftp.iemme.it//www.iemme.it/marss/" local="3457969608" remote="12061870412" Dst="-1" /><file name="Jcrop.gif" server="ftp.iemme.it//www.iemme.it/marss1/" local="3457969608" remote="12062818712" Dst="-1" /><file name="jquery.Jcrop.css" server="ftp.iemme.it//www.iemme.it/marss1/" local="3457969608" remote="12062818712" Dst="-1" /><file name="Jcrop.gif" server="185.4.155.12/public_html/cisura_it/" local="3457969608" remote="12071014172" Dst="-1" /><file name="jquery.Jcrop.css" server="185.4.155.12/public_html/cisura_it/" local="3457969608" remote="12071014172" Dst="-1" /><file name="Jcrop.gif" server="ftp.erboristeriaantichisegreti.it//www.erboristeriaantichisegreti.it/" local="3457969608" remote="318763443878065512" Dst="-1" /><file name="jquery.Jcrop.css" server="ftp.erboristeriaantichisegreti.it//www.erboristeriaantichisegreti.it/" local="3457969608" remote="318763443878065512" Dst="-1" /><file name="Jcrop.gif" server="185.4.155.12/public_html/rosaorlando_it/" local="3457969608" remote="318763443880029672" Dst="-1" /><file name="jquery.Jcrop.css" server="185.4.155.12/public_html/rosaorlando_it/" local="3457969608" remote="318763443880029672" Dst="-1" /><file name="Jcrop.gif" server="185.4.155.12/public_html/sekurbox_it/" local="3457969608" remote="318763443885647712" Dst="-1" /><file name="jquery.Jcrop.css" server="185.4.155.12/public_html/sekurbox_it/" local="3457969608" remote="318763443885647712" Dst="-1" /><file name="Jcrop.gif" server="ftp.sekurbox.it//htdocs/" local="3457969608" remote="318763443889024992" Dst="-1" /><file name="jquery.Jcrop.css" server="ftp.sekurbox.it//htdocs/" local="3457969608" remote="318763443889024992" Dst="-1" /></dwsync>