<?xml version="1.0" encoding="utf-8" ?><dwsync><file name="bootstrap-fileupload.css" server="ftp.iemme.it//www.iemme.it/marss/" local="3457969606" remote="12061870292" Dst="-1" /><file name="bootstrap-responsive.min.css" server="ftp.iemme.it//www.iemme.it/marss/" local="3457969606" remote="12061870292" Dst="-1" /><file name="bootstrap.min.css" server="ftp.iemme.it//www.iemme.it/marss/" local="3457969606" remote="12061870352" Dst="-1" /><file name="bootstrap-fileupload.css" server="ftp.iemme.it//www.iemme.it/marss1/" local="3457969606" remote="12062818532" Dst="-1" /><file name="bootstrap-responsive.min.css" server="ftp.iemme.it//www.iemme.it/marss1/" local="3457969606" remote="12062818532" Dst="-1" /><file name="bootstrap.min.css" server="ftp.iemme.it//www.iemme.it/marss1/" local="3457969606" remote="12062818532" Dst="-1" /><file name="bootstrap-fileupload.css" server="185.4.155.12/public_html/cisura_it/" local="3457969606" remote="12071014052" Dst="-1" /><file name="bootstrap-responsive.min.css" server="185.4.155.12/public_html/cisura_it/" local="3457969606" remote="12071014052" Dst="-1" /><file name="bootstrap.min.css" server="185.4.155.12/public_html/cisura_it/" local="3457969606" remote="12071014052" Dst="-1" /><file name="bootstrap-fileupload.css" server="ftp.erboristeriaantichisegreti.it//www.erboristeriaantichisegreti.it/" local="3457969606" remote="318763443878065452" Dst="-1" /><file name="bootstrap-responsive.min.css" server="ftp.erboristeriaantichisegreti.it//www.erboristeriaantichisegreti.it/" local="3457969606" remote="318763443878065452" Dst="-1" /><file name="bootstrap.min.css" server="ftp.erboristeriaantichisegreti.it//www.erboristeriaantichisegreti.it/" local="3457969606" remote="318763443878065452" Dst="-1" /><file name="bootstrap-fileupload.css" server="185.4.155.12/public_html/rosaorlando_it/" local="3457969606" remote="318763443880029552" Dst="-1" /><file name="bootstrap-responsive.min.css" server="185.4.155.12/public_html/rosaorlando_it/" local="3457969606" remote="318763443880029552" Dst="-1" /><file name="bootstrap.min.css" server="185.4.155.12/public_html/rosaorlando_it/" local="3457969606" remote="318763443880029552" Dst="-1" /><file name="bootstrap-fileupload.css" server="185.4.155.12/public_html/sekurbox_it/" local="3457969606" remote="318763443885647592" Dst="-1" /><file name="bootstrap-responsive.min.css" server="185.4.155.12/public_html/sekurbox_it/" local="3457969606" remote="318763443885647592" Dst="-1" /><file name="bootstrap.min.css" server="185.4.155.12/public_html/sekurbox_it/" local="3457969606" remote="318763443885647592" Dst="-1" /><file name="bootstrap-fileupload.css" server="ftp.sekurbox.it//htdocs/" local="3457969606" remote="318763443889024872" Dst="-1" /><file name="bootstrap-responsive.min.css" server="ftp.sekurbox.it//htdocs/" local="3457969606" remote="318763443889024872" Dst="-1" /><file name="bootstrap.min.css" server="ftp.sekurbox.it//htdocs/" local="3457969606" remote="318763443889024872" Dst="-1" /></dwsync>