<?xml version="1.0" encoding="utf-8" ?><dwsync><file name="echo-hereweare.jpg" server="ftp.iemme.it//www.iemme.it/marss/" local="3457969602" remote="12061870172" Dst="-1" /><file name="echo-hereweare.mp4" server="ftp.iemme.it//www.iemme.it/marss/" local="3457969604" remote="12061870292" Dst="-1" /><file name="echo-hereweare.jpg" server="ftp.iemme.it//www.iemme.it/marss1/" local="3457969602" remote="12062818292" Dst="-1" /><file name="echo-hereweare.mp4" server="ftp.iemme.it//www.iemme.it/marss1/" local="3457969604" remote="12062818472" Dst="-1" /><file name="echo-hereweare.jpg" server="185.4.155.12/public_html/cisura_it/" local="3457969602" remote="12071013872" Dst="-1" /><file name="echo-hereweare.mp4" server="185.4.155.12/public_html/cisura_it/" local="3457969604" remote="12071013992" Dst="-1" /><file name="echo-hereweare.jpg" server="ftp.erboristeriaantichisegreti.it//www.erboristeriaantichisegreti.it/" local="3457969602" remote="318763443878065452" Dst="-1" /><file name="echo-hereweare.mp4" server="ftp.erboristeriaantichisegreti.it//www.erboristeriaantichisegreti.it/" local="3457969604" remote="318763443878065632" Dst="-1" /><file name="echo-hereweare.jpg" server="185.4.155.12/public_html/rosaorlando_it/" local="3457969602" remote="318763443880029552" Dst="-1" /><file name="echo-hereweare.mp4" server="185.4.155.12/public_html/rosaorlando_it/" local="3457969604" remote="318763443880029732" Dst="-1" /><file name="echo-hereweare.jpg" server="185.4.155.12/public_html/sekurbox_it/" local="3457969602" remote="318763443885647532" Dst="-1" /><file name="echo-hereweare.mp4" server="185.4.155.12/public_html/sekurbox_it/" local="3457969604" remote="318763443885647712" Dst="-1" /><file name="echo-hereweare.jpg" server="ftp.sekurbox.it//htdocs/" local="3457969602" remote="318763443889024872" Dst="-1" /><file name="echo-hereweare.mp4" server="ftp.sekurbox.it//htdocs/" local="3457969604" remote="318763443889025052" Dst="-1" /></dwsync>