<?xml version="1.0" encoding="utf-8" ?><dwsync><file name="1d_1.gif" server="ftp.iemme.it//www.iemme.it/marss/" local="3457969614" remote="12061870592" Dst="-1" /><file name="1d_2.gif" server="ftp.iemme.it//www.iemme.it/marss/" local="3457969614" remote="12061870592" Dst="-1" /><file name="1d_3.gif" server="ftp.iemme.it//www.iemme.it/marss/" local="3457969614" remote="12061870592" Dst="-1" /><file name="1d_4.gif" server="ftp.iemme.it//www.iemme.it/marss/" local="3457969614" remote="12061870592" Dst="-1" /><file name="1d_5.gif" server="ftp.iemme.it//www.iemme.it/marss/" local="3457969614" remote="12061870592" Dst="-1" /><file name="1d_6.gif" server="ftp.iemme.it//www.iemme.it/marss/" local="3457969614" remote="12061870592" Dst="-1" /><file name="2d_1.gif" server="ftp.iemme.it//www.iemme.it/marss/" local="3457969614" remote="12061870592" Dst="-1" /><file name="2d_2.gif" server="ftp.iemme.it//www.iemme.it/marss/" local="3457969614" remote="12061870592" Dst="-1" /><file name="2d_3.gif" server="ftp.iemme.it//www.iemme.it/marss/" local="3457969614" remote="12061870592" Dst="-1" /><file name="2d_4.gif" server="ftp.iemme.it//www.iemme.it/marss/" local="3457969614" remote="12061870592" Dst="-1" /><file name="2d_5.gif" server="ftp.iemme.it//www.iemme.it/marss/" local="3457969614" remote="12061870592" Dst="-1" /><file name="2d_6.gif" server="ftp.iemme.it//www.iemme.it/marss/" local="3457969614" remote="12061870592" Dst="-1" /><file name="2d_7.gif" server="ftp.iemme.it//www.iemme.it/marss/" local="3457969614" remote="12061870592" Dst="-1" /><file name="3d_1.gif" server="ftp.iemme.it//www.iemme.it/marss/" local="3457969614" remote="12061870592" Dst="-1" /><file name="3d_2.gif" server="ftp.iemme.it//www.iemme.it/marss/" local="3457969614" remote="12061870592" Dst="-1" /><file name="3d_3.gif" server="ftp.iemme.it//www.iemme.it/marss/" local="3457969614" remote="12061870592" Dst="-1" /><file name="3d_4.gif" server="ftp.iemme.it//www.iemme.it/marss/" local="3457969614" remote="12061870592" Dst="-1" /><file name="3d_5.gif" server="ftp.iemme.it//www.iemme.it/marss/" local="3457969614" remote="12061870592" Dst="-1" /><file name="3d_6.gif" server="ftp.iemme.it//www.iemme.it/marss/" local="3457969614" remote="12061870592" Dst="-1" /><file name="3d_7.gif" server="ftp.iemme.it//www.iemme.it/marss/" local="3457969614" remote="12061870592" Dst="-1" /><file name="3d_8.gif" server="ftp.iemme.it//www.iemme.it/marss/" local="3457969614" remote="12061870592" Dst="-1" /><file name="1d_1.gif" server="ftp.iemme.it//www.iemme.it/marss1/" local="3457969614" remote="12062819432" Dst="-1" /><file name="1d_2.gif" server="ftp.iemme.it//www.iemme.it/marss1/" local="3457969614" remote="12062819432" Dst="-1" /><file name="1d_3.gif" server="ftp.iemme.it//www.iemme.it/marss1/" local="3457969614" remote="12062819432" Dst="-1" /><file name="1d_4.gif" server="ftp.iemme.it//www.iemme.it/marss1/" local="3457969614" remote="12062819432" Dst="-1" /><file name="1d_5.gif" server="ftp.iemme.it//www.iemme.it/marss1/" local="3457969614" remote="12062819432" Dst="-1" /><file name="1d_6.gif" server="ftp.iemme.it//www.iemme.it/marss1/" local="3457969614" remote="12062819432" Dst="-1" /><file name="2d_1.gif" server="ftp.iemme.it//www.iemme.it/marss1/" local="3457969614" remote="12062819432" Dst="-1" /><file name="2d_2.gif" server="ftp.iemme.it//www.iemme.it/marss1/" local="3457969614" remote="12062819432" Dst="-1" /><file name="2d_3.gif" server="ftp.iemme.it//www.iemme.it/marss1/" local="3457969614" remote="12062819432" Dst="-1" /><file name="2d_4.gif" server="ftp.iemme.it//www.iemme.it/marss1/" local="3457969614" remote="12062819432" Dst="-1" /><file name="2d_5.gif" server="ftp.iemme.it//www.iemme.it/marss1/" local="3457969614" remote="12062819432" Dst="-1" /><file name="2d_6.gif" server="ftp.iemme.it//www.iemme.it/marss1/" local="3457969614" remote="12062819432" Dst="-1" /><file name="2d_7.gif" server="ftp.iemme.it//www.iemme.it/marss1/" local="3457969614" remote="12062819432" Dst="-1" /><file name="3d_1.gif" server="ftp.iemme.it//www.iemme.it/marss1/" local="3457969614" remote="12062819432" Dst="-1" /><file name="3d_2.gif" server="ftp.iemme.it//www.iemme.it/marss1/" local="3457969614" remote="12062819432" Dst="-1" /><file name="3d_3.gif" server="ftp.iemme.it//www.iemme.it/marss1/" local="3457969614" remote="12062819432" Dst="-1" /><file name="3d_4.gif" server="ftp.iemme.it//www.iemme.it/marss1/" local="3457969614" remote="12062819432" Dst="-1" /><file name="3d_5.gif" server="ftp.iemme.it//www.iemme.it/marss1/" local="3457969614" remote="12062819432" Dst="-1" /><file name="3d_6.gif" server="ftp.iemme.it//www.iemme.it/marss1/" local="3457969614" remote="12062819432" Dst="-1" /><file name="3d_7.gif" server="ftp.iemme.it//www.iemme.it/marss1/" local="3457969614" remote="12062819432" Dst="-1" /><file name="3d_8.gif" server="ftp.iemme.it//www.iemme.it/marss1/" local="3457969614" remote="12062819432" Dst="-1" /><file name="1d_1.gif" server="185.4.155.12/public_html/cisura_it/" local="3457969614" remote="12071014412" Dst="-1" /><file name="1d_2.gif" server="185.4.155.12/public_html/cisura_it/" local="3457969614" remote="12071014412" Dst="-1" /><file name="1d_3.gif" server="185.4.155.12/public_html/cisura_it/" local="3457969614" remote="12071014412" Dst="-1" /><file name="1d_4.gif" server="185.4.155.12/public_html/cisura_it/" local="3457969614" remote="12071014412" Dst="-1" /><file name="1d_5.gif" server="185.4.155.12/public_html/cisura_it/" local="3457969614" remote="12071014412" Dst="-1" /><file name="1d_6.gif" server="185.4.155.12/public_html/cisura_it/" local="3457969614" remote="12071014412" Dst="-1" /><file name="2d_1.gif" server="185.4.155.12/public_html/cisura_it/" local="3457969614" remote="12071014412" Dst="-1" /><file name="2d_2.gif" server="185.4.155.12/public_html/cisura_it/" local="3457969614" remote="12071014412" Dst="-1" /><file name="2d_3.gif" server="185.4.155.12/public_html/cisura_it/" local="3457969614" remote="12071014412" Dst="-1" /><file name="2d_4.gif" server="185.4.155.12/public_html/cisura_it/" local="3457969614" remote="12071014412" Dst="-1" /><file name="2d_5.gif" server="185.4.155.12/public_html/cisura_it/" local="3457969614" remote="12071014412" Dst="-1" /><file name="2d_6.gif" server="185.4.155.12/public_html/cisura_it/" local="3457969614" remote="12071014412" Dst="-1" /><file name="2d_7.gif" server="185.4.155.12/public_html/cisura_it/" local="3457969614" remote="12071014412" Dst="-1" /><file name="3d_1.gif" server="185.4.155.12/public_html/cisura_it/" local="3457969614" remote="12071014412" Dst="-1" /><file name="3d_2.gif" server="185.4.155.12/public_html/cisura_it/" local="3457969614" remote="12071014412" Dst="-1" /><file name="3d_3.gif" server="185.4.155.12/public_html/cisura_it/" local="3457969614" remote="12071014412" Dst="-1" /><file name="3d_4.gif" server="185.4.155.12/public_html/cisura_it/" local="3457969614" remote="12071014412" Dst="-1" /><file name="3d_5.gif" server="185.4.155.12/public_html/cisura_it/" local="3457969614" remote="12071014412" Dst="-1" /><file name="3d_6.gif" server="185.4.155.12/public_html/cisura_it/" local="3457969614" remote="12071014412" Dst="-1" /><file name="3d_7.gif" server="185.4.155.12/public_html/cisura_it/" local="3457969614" remote="12071014412" Dst="-1" /><file name="3d_8.gif" server="185.4.155.12/public_html/cisura_it/" local="3457969614" remote="12071014412" Dst="-1" /><file name="1d_1.gif" server="ftp.erboristeriaantichisegreti.it//www.erboristeriaantichisegreti.it/" local="3457969614" remote="318763443878065812" Dst="-1" /><file name="1d_2.gif" server="ftp.erboristeriaantichisegreti.it//www.erboristeriaantichisegreti.it/" local="3457969614" remote="318763443878065812" Dst="-1" /><file name="1d_3.gif" server="ftp.erboristeriaantichisegreti.it//www.erboristeriaantichisegreti.it/" local="3457969614" remote="318763443878065812" Dst="-1" /><file name="1d_4.gif" server="ftp.erboristeriaantichisegreti.it//www.erboristeriaantichisegreti.it/" local="3457969614" remote="318763443878065812" Dst="-1" /><file name="1d_5.gif" server="ftp.erboristeriaantichisegreti.it//www.erboristeriaantichisegreti.it/" local="3457969614" remote="318763443878065812" Dst="-1" /><file name="1d_6.gif" server="ftp.erboristeriaantichisegreti.it//www.erboristeriaantichisegreti.it/" local="3457969614" remote="318763443878065812" Dst="-1" /><file name="2d_1.gif" server="ftp.erboristeriaantichisegreti.it//www.erboristeriaantichisegreti.it/" local="3457969614" remote="318763443878065812" Dst="-1" /><file name="2d_2.gif" server="ftp.erboristeriaantichisegreti.it//www.erboristeriaantichisegreti.it/" local="3457969614" remote="318763443878065812" Dst="-1" /><file name="2d_3.gif" server="ftp.erboristeriaantichisegreti.it//www.erboristeriaantichisegreti.it/" local="3457969614" remote="318763443878065812" Dst="-1" /><file name="2d_4.gif" server="ftp.erboristeriaantichisegreti.it//www.erboristeriaantichisegreti.it/" local="3457969614" remote="318763443878065812" Dst="-1" /><file name="2d_5.gif" server="ftp.erboristeriaantichisegreti.it//www.erboristeriaantichisegreti.it/" local="3457969614" remote="318763443878065812" Dst="-1" /><file name="2d_6.gif" server="ftp.erboristeriaantichisegreti.it//www.erboristeriaantichisegreti.it/" local="3457969614" remote="318763443878065812" Dst="-1" /><file name="2d_7.gif" server="ftp.erboristeriaantichisegreti.it//www.erboristeriaantichisegreti.it/" local="3457969614" remote="318763443878065812" Dst="-1" /><file name="3d_1.gif" server="ftp.erboristeriaantichisegreti.it//www.erboristeriaantichisegreti.it/" local="3457969614" remote="318763443878065812" Dst="-1" /><file name="3d_2.gif" server="ftp.erboristeriaantichisegreti.it//www.erboristeriaantichisegreti.it/" local="3457969614" remote="318763443878065812" Dst="-1" /><file name="3d_3.gif" server="ftp.erboristeriaantichisegreti.it//www.erboristeriaantichisegreti.it/" local="3457969614" remote="318763443878065812" Dst="-1" /><file name="3d_4.gif" server="ftp.erboristeriaantichisegreti.it//www.erboristeriaantichisegreti.it/" local="3457969614" remote="318763443878065812" Dst="-1" /><file name="3d_5.gif" server="ftp.erboristeriaantichisegreti.it//www.erboristeriaantichisegreti.it/" local="3457969614" remote="318763443878065812" Dst="-1" /><file name="3d_6.gif" server="ftp.erboristeriaantichisegreti.it//www.erboristeriaantichisegreti.it/" local="3457969614" remote="318763443878065812" Dst="-1" /><file name="3d_7.gif" server="ftp.erboristeriaantichisegreti.it//www.erboristeriaantichisegreti.it/" local="3457969614" remote="318763443878065812" Dst="-1" /><file name="3d_8.gif" server="ftp.erboristeriaantichisegreti.it//www.erboristeriaantichisegreti.it/" local="3457969614" remote="318763443878065812" Dst="-1" /><file name="1d_1.gif" server="185.4.155.12/public_html/rosaorlando_it/" local="3457969614" remote="318763443880029912" Dst="-1" /><file name="1d_2.gif" server="185.4.155.12/public_html/rosaorlando_it/" local="3457969614" remote="318763443880029912" Dst="-1" /><file name="1d_3.gif" server="185.4.155.12/public_html/rosaorlando_it/" local="3457969614" remote="318763443880029912" Dst="-1" /><file name="1d_4.gif" server="185.4.155.12/public_html/rosaorlando_it/" local="3457969614" remote="318763443880029912" Dst="-1" /><file name="1d_5.gif" server="185.4.155.12/public_html/rosaorlando_it/" local="3457969614" remote="318763443880029912" Dst="-1" /><file name="1d_6.gif" server="185.4.155.12/public_html/rosaorlando_it/" local="3457969614" remote="318763443880029912" Dst="-1" /><file name="2d_1.gif" server="185.4.155.12/public_html/rosaorlando_it/" local="3457969614" remote="318763443880029912" Dst="-1" /><file name="2d_2.gif" server="185.4.155.12/public_html/rosaorlando_it/" local="3457969614" remote="318763443880029912" Dst="-1" /><file name="2d_3.gif" server="185.4.155.12/public_html/rosaorlando_it/" local="3457969614" remote="318763443880029912" Dst="-1" /><file name="2d_4.gif" server="185.4.155.12/public_html/rosaorlando_it/" local="3457969614" remote="318763443880029912" Dst="-1" /><file name="2d_5.gif" server="185.4.155.12/public_html/rosaorlando_it/" local="3457969614" remote="318763443880029912" Dst="-1" /><file name="2d_6.gif" server="185.4.155.12/public_html/rosaorlando_it/" local="3457969614" remote="318763443880029912" Dst="-1" /><file name="2d_7.gif" server="185.4.155.12/public_html/rosaorlando_it/" local="3457969614" remote="318763443880029912" Dst="-1" /><file name="3d_1.gif" server="185.4.155.12/public_html/rosaorlando_it/" local="3457969614" remote="318763443880029912" Dst="-1" /><file name="3d_2.gif" server="185.4.155.12/public_html/rosaorlando_it/" local="3457969614" remote="318763443880029912" Dst="-1" /><file name="3d_3.gif" server="185.4.155.12/public_html/rosaorlando_it/" local="3457969614" remote="318763443880029912" Dst="-1" /><file name="3d_4.gif" server="185.4.155.12/public_html/rosaorlando_it/" local="3457969614" remote="318763443880029912" Dst="-1" /><file name="3d_5.gif" server="185.4.155.12/public_html/rosaorlando_it/" local="3457969614" remote="318763443880029912" Dst="-1" /><file name="3d_6.gif" server="185.4.155.12/public_html/rosaorlando_it/" local="3457969614" remote="318763443880029912" Dst="-1" /><file name="3d_7.gif" server="185.4.155.12/public_html/rosaorlando_it/" local="3457969614" remote="318763443880029912" Dst="-1" /><file name="3d_8.gif" server="185.4.155.12/public_html/rosaorlando_it/" local="3457969614" remote="318763443880029912" Dst="-1" /><file name="1d_1.gif" server="185.4.155.12/public_html/sekurbox_it/" local="3457969614" remote="318763443885647952" Dst="-1" /><file name="1d_2.gif" server="185.4.155.12/public_html/sekurbox_it/" local="3457969614" remote="318763443885647952" Dst="-1" /><file name="1d_3.gif" server="185.4.155.12/public_html/sekurbox_it/" local="3457969614" remote="318763443885647952" Dst="-1" /><file name="1d_4.gif" server="185.4.155.12/public_html/sekurbox_it/" local="3457969614" remote="318763443885647952" Dst="-1" /><file name="1d_5.gif" server="185.4.155.12/public_html/sekurbox_it/" local="3457969614" remote="318763443885647952" Dst="-1" /><file name="1d_6.gif" server="185.4.155.12/public_html/sekurbox_it/" local="3457969614" remote="318763443885647952" Dst="-1" /><file name="2d_1.gif" server="185.4.155.12/public_html/sekurbox_it/" local="3457969614" remote="318763443885647952" Dst="-1" /><file name="2d_2.gif" server="185.4.155.12/public_html/sekurbox_it/" local="3457969614" remote="318763443885647952" Dst="-1" /><file name="2d_3.gif" server="185.4.155.12/public_html/sekurbox_it/" local="3457969614" remote="318763443885647952" Dst="-1" /><file name="2d_4.gif" server="185.4.155.12/public_html/sekurbox_it/" local="3457969614" remote="318763443885647952" Dst="-1" /><file name="2d_5.gif" server="185.4.155.12/public_html/sekurbox_it/" local="3457969614" remote="318763443885647952" Dst="-1" /><file name="2d_6.gif" server="185.4.155.12/public_html/sekurbox_it/" local="3457969614" remote="318763443885647952" Dst="-1" /><file name="2d_7.gif" server="185.4.155.12/public_html/sekurbox_it/" local="3457969614" remote="318763443885647952" Dst="-1" /><file name="3d_1.gif" server="185.4.155.12/public_html/sekurbox_it/" local="3457969614" remote="318763443885647952" Dst="-1" /><file name="3d_2.gif" server="185.4.155.12/public_html/sekurbox_it/" local="3457969614" remote="318763443885647952" Dst="-1" /><file name="3d_3.gif" server="185.4.155.12/public_html/sekurbox_it/" local="3457969614" remote="318763443885647952" Dst="-1" /><file name="3d_4.gif" server="185.4.155.12/public_html/sekurbox_it/" local="3457969614" remote="318763443885647952" Dst="-1" /><file name="3d_5.gif" server="185.4.155.12/public_html/sekurbox_it/" local="3457969614" remote="318763443885647952" Dst="-1" /><file name="3d_6.gif" server="185.4.155.12/public_html/sekurbox_it/" local="3457969614" remote="318763443885647952" Dst="-1" /><file name="3d_7.gif" server="185.4.155.12/public_html/sekurbox_it/" local="3457969614" remote="318763443885647952" Dst="-1" /><file name="3d_8.gif" server="185.4.155.12/public_html/sekurbox_it/" local="3457969614" remote="318763443885647952" Dst="-1" /><file name="1d_1.gif" server="ftp.sekurbox.it//htdocs/" local="3457969614" remote="318763443889025292" Dst="-1" /><file name="1d_2.gif" server="ftp.sekurbox.it//htdocs/" local="3457969614" remote="318763443889025292" Dst="-1" /><file name="1d_3.gif" server="ftp.sekurbox.it//htdocs/" local="3457969614" remote="318763443889025292" Dst="-1" /><file name="1d_4.gif" server="ftp.sekurbox.it//htdocs/" local="3457969614" remote="318763443889025292" Dst="-1" /><file name="1d_5.gif" server="ftp.sekurbox.it//htdocs/" local="3457969614" remote="318763443889025292" Dst="-1" /><file name="1d_6.gif" server="ftp.sekurbox.it//htdocs/" local="3457969614" remote="318763443889025292" Dst="-1" /><file name="2d_1.gif" server="ftp.sekurbox.it//htdocs/" local="3457969614" remote="318763443889025292" Dst="-1" /><file name="2d_2.gif" server="ftp.sekurbox.it//htdocs/" local="3457969614" remote="318763443889025292" Dst="-1" /><file name="2d_3.gif" server="ftp.sekurbox.it//htdocs/" local="3457969614" remote="318763443889025292" Dst="-1" /><file name="2d_4.gif" server="ftp.sekurbox.it//htdocs/" local="3457969614" remote="318763443889025292" Dst="-1" /><file name="2d_5.gif" server="ftp.sekurbox.it//htdocs/" local="3457969614" remote="318763443889025292" Dst="-1" /><file name="2d_6.gif" server="ftp.sekurbox.it//htdocs/" local="3457969614" remote="318763443889025292" Dst="-1" /><file name="2d_7.gif" server="ftp.sekurbox.it//htdocs/" local="3457969614" remote="318763443889025292" Dst="-1" /><file name="3d_1.gif" server="ftp.sekurbox.it//htdocs/" local="3457969614" remote="318763443889025292" Dst="-1" /><file name="3d_2.gif" server="ftp.sekurbox.it//htdocs/" local="3457969614" remote="318763443889025292" Dst="-1" /><file name="3d_3.gif" server="ftp.sekurbox.it//htdocs/" local="3457969614" remote="318763443889025292" Dst="-1" /><file name="3d_4.gif" server="ftp.sekurbox.it//htdocs/" local="3457969614" remote="318763443889025292" Dst="-1" /><file name="3d_5.gif" server="ftp.sekurbox.it//htdocs/" local="3457969614" remote="318763443889025292" Dst="-1" /><file name="3d_6.gif" server="ftp.sekurbox.it//htdocs/" local="3457969614" remote="318763443889025292" Dst="-1" /><file name="3d_7.gif" server="ftp.sekurbox.it//htdocs/" local="3457969614" remote="318763443889025292" Dst="-1" /><file name="3d_8.gif" server="ftp.sekurbox.it//htdocs/" local="3457969614" remote="318763443889025292" Dst="-1" /></dwsync>