<?xml version="1.0" encoding="utf-8" ?><dwsync><file name="example_1.jpg" server="ftp.iemme.it//www.iemme.it/marss/" local="3457969610" remote="12061870472" Dst="-1" /><file name="example_10.jpg" server="ftp.iemme.it//www.iemme.it/marss/" local="3457969610" remote="12061870472" Dst="-1" /><file name="example_10s.jpg" server="ftp.iemme.it//www.iemme.it/marss/" local="3457969610" remote="12061870472" Dst="-1" /><file name="example_1s.jpg" server="ftp.iemme.it//www.iemme.it/marss/" local="3457969610" remote="12061870472" Dst="-1" /><file name="example_2.jpg" server="ftp.iemme.it//www.iemme.it/marss/" local="3457969610" remote="12061870472" Dst="-1" /><file name="example_2s.jpg" server="ftp.iemme.it//www.iemme.it/marss/" local="3457969610" remote="12061870472" Dst="-1" /><file name="example_3.jpg" server="ftp.iemme.it//www.iemme.it/marss/" local="3457969610" remote="12061870472" Dst="-1" /><file name="example_3s.jpg" server="ftp.iemme.it//www.iemme.it/marss/" local="3457969610" remote="12061870472" Dst="-1" /><file name="example_4.jpg" server="ftp.iemme.it//www.iemme.it/marss/" local="3457969610" remote="12061870532" Dst="-1" /><file name="example_4s.jpg" server="ftp.iemme.it//www.iemme.it/marss/" local="3457969610" remote="12061870532" Dst="-1" /><file name="example_5.jpg" server="ftp.iemme.it//www.iemme.it/marss/" local="3457969610" remote="12061870532" Dst="-1" /><file name="example_5s.jpg" server="ftp.iemme.it//www.iemme.it/marss/" local="3457969610" remote="12061870532" Dst="-1" /><file name="example_6.jpg" server="ftp.iemme.it//www.iemme.it/marss/" local="3457969610" remote="12061870532" Dst="-1" /><file name="example_6s.jpg" server="ftp.iemme.it//www.iemme.it/marss/" local="3457969610" remote="12061870532" Dst="-1" /><file name="example_7.jpg" server="ftp.iemme.it//www.iemme.it/marss/" local="3457969610" remote="12061870532" Dst="-1" /><file name="example_7s.jpg" server="ftp.iemme.it//www.iemme.it/marss/" local="3457969610" remote="12061870532" Dst="-1" /><file name="example_8.jpg" server="ftp.iemme.it//www.iemme.it/marss/" local="3457969610" remote="12061870532" Dst="-1" /><file name="example_8s.jpg" server="ftp.iemme.it//www.iemme.it/marss/" local="3457969610" remote="12061870532" Dst="-1" /><file name="example_9.jpg" server="ftp.iemme.it//www.iemme.it/marss/" local="3457969610" remote="12061870532" Dst="-1" /><file name="example_9s.jpg" server="ftp.iemme.it//www.iemme.it/marss/" local="3457969610" remote="12061870532" Dst="-1" /><file name="example_1.jpg" server="ftp.iemme.it//www.iemme.it/marss1/" local="3457969610" remote="12062819132" Dst="-1" /><file name="example_10.jpg" server="ftp.iemme.it//www.iemme.it/marss1/" local="3457969610" remote="12062819132" Dst="-1" /><file name="example_10s.jpg" server="ftp.iemme.it//www.iemme.it/marss1/" local="3457969610" remote="12062819132" Dst="-1" /><file name="example_1s.jpg" server="ftp.iemme.it//www.iemme.it/marss1/" local="3457969610" remote="12062819132" Dst="-1" /><file name="example_2.jpg" server="ftp.iemme.it//www.iemme.it/marss1/" local="3457969610" remote="12062819192" Dst="-1" /><file name="example_2s.jpg" server="ftp.iemme.it//www.iemme.it/marss1/" local="3457969610" remote="12062819192" Dst="-1" /><file name="example_3.jpg" server="ftp.iemme.it//www.iemme.it/marss1/" local="3457969610" remote="12062819192" Dst="-1" /><file name="example_3s.jpg" server="ftp.iemme.it//www.iemme.it/marss1/" local="3457969610" remote="12062819192" Dst="-1" /><file name="example_4.jpg" server="ftp.iemme.it//www.iemme.it/marss1/" local="3457969610" remote="12062819192" Dst="-1" /><file name="example_4s.jpg" server="ftp.iemme.it//www.iemme.it/marss1/" local="3457969610" remote="12062819192" Dst="-1" /><file name="example_5.jpg" server="ftp.iemme.it//www.iemme.it/marss1/" local="3457969610" remote="12062819192" Dst="-1" /><file name="example_5s.jpg" server="ftp.iemme.it//www.iemme.it/marss1/" local="3457969610" remote="12062819192" Dst="-1" /><file name="example_6.jpg" server="ftp.iemme.it//www.iemme.it/marss1/" local="3457969610" remote="12062819192" Dst="-1" /><file name="example_6s.jpg" server="ftp.iemme.it//www.iemme.it/marss1/" local="3457969610" remote="12062819192" Dst="-1" /><file name="example_7.jpg" server="ftp.iemme.it//www.iemme.it/marss1/" local="3457969610" remote="12062819192" Dst="-1" /><file name="example_7s.jpg" server="ftp.iemme.it//www.iemme.it/marss1/" local="3457969610" remote="12062819192" Dst="-1" /><file name="example_8.jpg" server="ftp.iemme.it//www.iemme.it/marss1/" local="3457969610" remote="12062819252" Dst="-1" /><file name="example_8s.jpg" server="ftp.iemme.it//www.iemme.it/marss1/" local="3457969610" remote="12062819252" Dst="-1" /><file name="example_9.jpg" server="ftp.iemme.it//www.iemme.it/marss1/" local="3457969610" remote="12062819252" Dst="-1" /><file name="example_9s.jpg" server="ftp.iemme.it//www.iemme.it/marss1/" local="3457969610" remote="12062819252" Dst="-1" /><file name="example_1.jpg" server="185.4.155.12/public_html/cisura_it/" local="3457969610" remote="12071014292" Dst="-1" /><file name="example_10.jpg" server="185.4.155.12/public_html/cisura_it/" local="3457969610" remote="12071014292" Dst="-1" /><file name="example_10s.jpg" server="185.4.155.12/public_html/cisura_it/" local="3457969610" remote="12071014292" Dst="-1" /><file name="example_1s.jpg" server="185.4.155.12/public_html/cisura_it/" local="3457969610" remote="12071014292" Dst="-1" /><file name="example_2.jpg" server="185.4.155.12/public_html/cisura_it/" local="3457969610" remote="12071014292" Dst="-1" /><file name="example_2s.jpg" server="185.4.155.12/public_html/cisura_it/" local="3457969610" remote="12071014292" Dst="-1" /><file name="example_3.jpg" server="185.4.155.12/public_html/cisura_it/" local="3457969610" remote="12071014292" Dst="-1" /><file name="example_3s.jpg" server="185.4.155.12/public_html/cisura_it/" local="3457969610" remote="12071014292" Dst="-1" /><file name="example_4.jpg" server="185.4.155.12/public_html/cisura_it/" local="3457969610" remote="12071014292" Dst="-1" /><file name="example_4s.jpg" server="185.4.155.12/public_html/cisura_it/" local="3457969610" remote="12071014292" Dst="-1" /><file name="example_5.jpg" server="185.4.155.12/public_html/cisura_it/" local="3457969610" remote="12071014292" Dst="-1" /><file name="example_5s.jpg" server="185.4.155.12/public_html/cisura_it/" local="3457969610" remote="12071014292" Dst="-1" /><file name="example_6.jpg" server="185.4.155.12/public_html/cisura_it/" local="3457969610" remote="12071014292" Dst="-1" /><file name="example_6s.jpg" server="185.4.155.12/public_html/cisura_it/" local="3457969610" remote="12071014292" Dst="-1" /><file name="example_7.jpg" server="185.4.155.12/public_html/cisura_it/" local="3457969610" remote="12071014292" Dst="-1" /><file name="example_7s.jpg" server="185.4.155.12/public_html/cisura_it/" local="3457969610" remote="12071014292" Dst="-1" /><file name="example_8.jpg" server="185.4.155.12/public_html/cisura_it/" local="3457969610" remote="12071014292" Dst="-1" /><file name="example_8s.jpg" server="185.4.155.12/public_html/cisura_it/" local="3457969610" remote="12071014292" Dst="-1" /><file name="example_9.jpg" server="185.4.155.12/public_html/cisura_it/" local="3457969610" remote="12071014352" Dst="-1" /><file name="example_9s.jpg" server="185.4.155.12/public_html/cisura_it/" local="3457969610" remote="12071014352" Dst="-1" /><file name="example_10s.jpg" server="ftp.erboristeriaantichisegreti.it//www.erboristeriaantichisegreti.it/" local="3457969610" remote="318763443878065692" Dst="-1" /><file name="example_10.jpg" server="ftp.erboristeriaantichisegreti.it//www.erboristeriaantichisegreti.it/" local="3457969610" remote="318763443878065692" Dst="-1" /><file name="example_1.jpg" server="ftp.erboristeriaantichisegreti.it//www.erboristeriaantichisegreti.it/" local="3457969610" remote="318763443878065692" Dst="-1" /><file name="example_1s.jpg" server="ftp.erboristeriaantichisegreti.it//www.erboristeriaantichisegreti.it/" local="3457969610" remote="318763443878065692" Dst="-1" /><file name="example_2.jpg" server="ftp.erboristeriaantichisegreti.it//www.erboristeriaantichisegreti.it/" local="3457969610" remote="318763443878065692" Dst="-1" /><file name="example_2s.jpg" server="ftp.erboristeriaantichisegreti.it//www.erboristeriaantichisegreti.it/" local="3457969610" remote="318763443878065692" Dst="-1" /><file name="example_3s.jpg" server="ftp.erboristeriaantichisegreti.it//www.erboristeriaantichisegreti.it/" local="3457969610" remote="318763443878065692" Dst="-1" /><file name="example_4.jpg" server="ftp.erboristeriaantichisegreti.it//www.erboristeriaantichisegreti.it/" local="3457969610" remote="318763443878065692" Dst="-1" /><file name="example_4s.jpg" server="ftp.erboristeriaantichisegreti.it//www.erboristeriaantichisegreti.it/" local="3457969610" remote="318763443878065692" Dst="-1" /><file name="example_5s.jpg" server="ftp.erboristeriaantichisegreti.it//www.erboristeriaantichisegreti.it/" local="3457969610" remote="318763443878065692" Dst="-1" /><file name="example_5.jpg" server="ftp.erboristeriaantichisegreti.it//www.erboristeriaantichisegreti.it/" local="3457969610" remote="318763443878065692" Dst="-1" /><file name="example_3.jpg" server="ftp.erboristeriaantichisegreti.it//www.erboristeriaantichisegreti.it/" local="3457969610" remote="318763443878065692" Dst="-1" /><file name="example_6s.jpg" server="ftp.erboristeriaantichisegreti.it//www.erboristeriaantichisegreti.it/" local="3457969610" remote="318763443878065692" Dst="-1" /><file name="example_7.jpg" server="ftp.erboristeriaantichisegreti.it//www.erboristeriaantichisegreti.it/" local="3457969610" remote="318763443878065692" Dst="-1" /><file name="example_7s.jpg" server="ftp.erboristeriaantichisegreti.it//www.erboristeriaantichisegreti.it/" local="3457969610" remote="318763443878065692" Dst="-1" /><file name="example_6.jpg" server="ftp.erboristeriaantichisegreti.it//www.erboristeriaantichisegreti.it/" local="3457969610" remote="318763443878065692" Dst="-1" /><file name="example_8s.jpg" server="ftp.erboristeriaantichisegreti.it//www.erboristeriaantichisegreti.it/" local="3457969610" remote="318763443878065692" Dst="-1" /><file name="example_8.jpg" server="ftp.erboristeriaantichisegreti.it//www.erboristeriaantichisegreti.it/" local="3457969610" remote="318763443878065692" Dst="-1" /><file name="example_9s.jpg" server="ftp.erboristeriaantichisegreti.it//www.erboristeriaantichisegreti.it/" local="3457969610" remote="318763443878065752" Dst="-1" /><file name="example_9.jpg" server="ftp.erboristeriaantichisegreti.it//www.erboristeriaantichisegreti.it/" local="3457969610" remote="318763443878065752" Dst="-1" /><file name="example_10s.jpg" server="185.4.155.12/public_html/rosaorlando_it/" local="3457969610" remote="318763443880029792" Dst="-1" /><file name="example_10.jpg" server="185.4.155.12/public_html/rosaorlando_it/" local="3457969610" remote="318763443880029792" Dst="-1" /><file name="example_1.jpg" server="185.4.155.12/public_html/rosaorlando_it/" local="3457969610" remote="318763443880029792" Dst="-1" /><file name="example_1s.jpg" server="185.4.155.12/public_html/rosaorlando_it/" local="3457969610" remote="318763443880029792" Dst="-1" /><file name="example_2.jpg" server="185.4.155.12/public_html/rosaorlando_it/" local="3457969610" remote="318763443880029792" Dst="-1" /><file name="example_2s.jpg" server="185.4.155.12/public_html/rosaorlando_it/" local="3457969610" remote="318763443880029792" Dst="-1" /><file name="example_3s.jpg" server="185.4.155.12/public_html/rosaorlando_it/" local="3457969610" remote="318763443880029792" Dst="-1" /><file name="example_3.jpg" server="185.4.155.12/public_html/rosaorlando_it/" local="3457969610" remote="318763443880029792" Dst="-1" /><file name="example_4.jpg" server="185.4.155.12/public_html/rosaorlando_it/" local="3457969610" remote="318763443880029792" Dst="-1" /><file name="example_4s.jpg" server="185.4.155.12/public_html/rosaorlando_it/" local="3457969610" remote="318763443880029792" Dst="-1" /><file name="example_5s.jpg" server="185.4.155.12/public_html/rosaorlando_it/" local="3457969610" remote="318763443880029792" Dst="-1" /><file name="example_5.jpg" server="185.4.155.12/public_html/rosaorlando_it/" local="3457969610" remote="318763443880029852" Dst="-1" /><file name="example_6s.jpg" server="185.4.155.12/public_html/rosaorlando_it/" local="3457969610" remote="318763443880029852" Dst="-1" /><file name="example_6.jpg" server="185.4.155.12/public_html/rosaorlando_it/" local="3457969610" remote="318763443880029852" Dst="-1" /><file name="example_7.jpg" server="185.4.155.12/public_html/rosaorlando_it/" local="3457969610" remote="318763443880029852" Dst="-1" /><file name="example_7s.jpg" server="185.4.155.12/public_html/rosaorlando_it/" local="3457969610" remote="318763443880029852" Dst="-1" /><file name="example_8s.jpg" server="185.4.155.12/public_html/rosaorlando_it/" local="3457969610" remote="318763443880029852" Dst="-1" /><file name="example_8.jpg" server="185.4.155.12/public_html/rosaorlando_it/" local="3457969610" remote="318763443880029852" Dst="-1" /><file name="example_9s.jpg" server="185.4.155.12/public_html/rosaorlando_it/" local="3457969610" remote="318763443880029852" Dst="-1" /><file name="example_9.jpg" server="185.4.155.12/public_html/rosaorlando_it/" local="3457969610" remote="318763443880029852" Dst="-1" /><file name="example_10s.jpg" server="185.4.155.12/public_html/sekurbox_it/" local="3457969610" remote="318763443885647832" Dst="-1" /><file name="example_10.jpg" server="185.4.155.12/public_html/sekurbox_it/" local="3457969610" remote="318763443885647832" Dst="-1" /><file name="example_1.jpg" server="185.4.155.12/public_html/sekurbox_it/" local="3457969610" remote="318763443885647832" Dst="-1" /><file name="example_1s.jpg" server="185.4.155.12/public_html/sekurbox_it/" local="3457969610" remote="318763443885647832" Dst="-1" /><file name="example_2.jpg" server="185.4.155.12/public_html/sekurbox_it/" local="3457969610" remote="318763443885647832" Dst="-1" /><file name="example_2s.jpg" server="185.4.155.12/public_html/sekurbox_it/" local="3457969610" remote="318763443885647832" Dst="-1" /><file name="example_3s.jpg" server="185.4.155.12/public_html/sekurbox_it/" local="3457969610" remote="318763443885647832" Dst="-1" /><file name="example_3.jpg" server="185.4.155.12/public_html/sekurbox_it/" local="3457969610" remote="318763443885647832" Dst="-1" /><file name="example_4.jpg" server="185.4.155.12/public_html/sekurbox_it/" local="3457969610" remote="318763443885647832" Dst="-1" /><file name="example_4s.jpg" server="185.4.155.12/public_html/sekurbox_it/" local="3457969610" remote="318763443885647832" Dst="-1" /><file name="example_5s.jpg" server="185.4.155.12/public_html/sekurbox_it/" local="3457969610" remote="318763443885647832" Dst="-1" /><file name="example_5.jpg" server="185.4.155.12/public_html/sekurbox_it/" local="3457969610" remote="318763443885647832" Dst="-1" /><file name="example_6s.jpg" server="185.4.155.12/public_html/sekurbox_it/" local="3457969610" remote="318763443885647832" Dst="-1" /><file name="example_6.jpg" server="185.4.155.12/public_html/sekurbox_it/" local="3457969610" remote="318763443885647832" Dst="-1" /><file name="example_7.jpg" server="185.4.155.12/public_html/sekurbox_it/" local="3457969610" remote="318763443885647832" Dst="-1" /><file name="example_7s.jpg" server="185.4.155.12/public_html/sekurbox_it/" local="3457969610" remote="318763443885647832" Dst="-1" /><file name="example_8s.jpg" server="185.4.155.12/public_html/sekurbox_it/" local="3457969610" remote="318763443885647832" Dst="-1" /><file name="example_8.jpg" server="185.4.155.12/public_html/sekurbox_it/" local="3457969610" remote="318763443885647832" Dst="-1" /><file name="example_9s.jpg" server="185.4.155.12/public_html/sekurbox_it/" local="3457969610" remote="318763443885647892" Dst="-1" /><file name="example_9.jpg" server="185.4.155.12/public_html/sekurbox_it/" local="3457969610" remote="318763443885647892" Dst="-1" /><file name="example_10.jpg" server="ftp.sekurbox.it//htdocs/" local="3457969610" remote="318763443889025172" Dst="-1" /><file name="example_1.jpg" server="ftp.sekurbox.it//htdocs/" local="3457969610" remote="318763443889025172" Dst="-1" /><file name="example_10s.jpg" server="ftp.sekurbox.it//htdocs/" local="3457969610" remote="318763443889025172" Dst="-1" /><file name="example_1s.jpg" server="ftp.sekurbox.it//htdocs/" local="3457969610" remote="318763443889025172" Dst="-1" /><file name="example_2s.jpg" server="ftp.sekurbox.it//htdocs/" local="3457969610" remote="318763443889025172" Dst="-1" /><file name="example_2.jpg" server="ftp.sekurbox.it//htdocs/" local="3457969610" remote="318763443889025172" Dst="-1" /><file name="example_3s.jpg" server="ftp.sekurbox.it//htdocs/" local="3457969610" remote="318763443889025172" Dst="-1" /><file name="example_3.jpg" server="ftp.sekurbox.it//htdocs/" local="3457969610" remote="318763443889025172" Dst="-1" /><file name="example_4s.jpg" server="ftp.sekurbox.it//htdocs/" local="3457969610" remote="318763443889025172" Dst="-1" /><file name="example_4.jpg" server="ftp.sekurbox.it//htdocs/" local="3457969610" remote="318763443889025172" Dst="-1" /><file name="example_5s.jpg" server="ftp.sekurbox.it//htdocs/" local="3457969610" remote="318763443889025172" Dst="-1" /><file name="example_5.jpg" server="ftp.sekurbox.it//htdocs/" local="3457969610" remote="318763443889025172" Dst="-1" /><file name="example_6s.jpg" server="ftp.sekurbox.it//htdocs/" local="3457969610" remote="318763443889025172" Dst="-1" /><file name="example_7.jpg" server="ftp.sekurbox.it//htdocs/" local="3457969610" remote="318763443889025172" Dst="-1" /><file name="example_6.jpg" server="ftp.sekurbox.it//htdocs/" local="3457969610" remote="318763443889025172" Dst="-1" /><file name="example_7s.jpg" server="ftp.sekurbox.it//htdocs/" local="3457969610" remote="318763443889025172" Dst="-1" /><file name="example_8.jpg" server="ftp.sekurbox.it//htdocs/" local="3457969610" remote="318763443889025172" Dst="-1" /><file name="example_8s.jpg" server="ftp.sekurbox.it//htdocs/" local="3457969610" remote="318763443889025172" Dst="-1" /><file name="example_9s.jpg" server="ftp.sekurbox.it//htdocs/" local="3457969610" remote="318763443889025172" Dst="-1" /><file name="example_9.jpg" server="ftp.sekurbox.it//htdocs/" local="3457969610" remote="318763443889025172" Dst="-1" /></dwsync>