<?xml version="1.0" encoding="utf-8" ?><dwsync><file name="buttons.gif" server="ftp.iemme.it//www.iemme.it/marss/" local="3457969614" remote="12061870472" Dst="-1" /><file name="toolbar.gif" server="ftp.iemme.it//www.iemme.it/marss/" local="3457969614" remote="12061870472" Dst="-1" /><file name="buttons.gif" server="ftp.iemme.it//www.iemme.it/marss1/" local="3457969614" remote="12062819132" Dst="-1" /><file name="toolbar.gif" server="ftp.iemme.it//www.iemme.it/marss1/" local="3457969614" remote="12062819132" Dst="-1" /><file name="buttons.gif" server="185.4.155.12/public_html/cisura_it/" local="3457969614" remote="12071014292" Dst="-1" /><file name="toolbar.gif" server="185.4.155.12/public_html/cisura_it/" local="3457969614" remote="12071014292" Dst="-1" /><file name="buttons.gif" server="ftp.erboristeriaantichisegreti.it//www.erboristeriaantichisegreti.it/" local="3457969614" remote="318763443878065692" Dst="-1" /><file name="toolbar.gif" server="ftp.erboristeriaantichisegreti.it//www.erboristeriaantichisegreti.it/" local="3457969614" remote="318763443878065692" Dst="-1" /><file name="buttons.gif" server="185.4.155.12/public_html/rosaorlando_it/" local="3457969614" remote="318763443880029792" Dst="-1" /><file name="toolbar.gif" server="185.4.155.12/public_html/rosaorlando_it/" local="3457969614" remote="318763443880029792" Dst="-1" /><file name="buttons.gif" server="185.4.155.12/public_html/sekurbox_it/" local="3457969614" remote="318763443885647832" Dst="-1" /><file name="toolbar.gif" server="185.4.155.12/public_html/sekurbox_it/" local="3457969614" remote="318763443885647832" Dst="-1" /><file name="buttons.gif" server="ftp.sekurbox.it//htdocs/" local="3457969614" remote="318763443889025172" Dst="-1" /><file name="toolbar.gif" server="ftp.sekurbox.it//htdocs/" local="3457969614" remote="318763443889025172" Dst="-1" /></dwsync>