<?xml version="1.0" encoding="utf-8" ?><dwsync><file name="shCoreDefault.css" server="ftp.iemme.it//www.iemme.it/marss/" local="3457969604" remote="12061870412" Dst="-1" /><file name="shThemeDefault.css" server="ftp.iemme.it//www.iemme.it/marss/" local="3457969604" remote="12061870412" Dst="-1" /><file name="shCoreDefault.css" server="ftp.iemme.it//www.iemme.it/marss1/" local="3457969604" remote="12062818832" Dst="-1" /><file name="shThemeDefault.css" server="ftp.iemme.it//www.iemme.it/marss1/" local="3457969604" remote="12062818832" Dst="-1" /><file name="shCoreDefault.css" server="185.4.155.12/public_html/cisura_it/" local="3457969604" remote="12071014172" Dst="-1" /><file name="shThemeDefault.css" server="185.4.155.12/public_html/cisura_it/" local="3457969604" remote="12071014172" Dst="-1" /><file name="shCoreDefault.css" server="ftp.erboristeriaantichisegreti.it//www.erboristeriaantichisegreti.it/" local="3457969604" remote="318763443878065572" Dst="-1" /><file name="shThemeDefault.css" server="ftp.erboristeriaantichisegreti.it//www.erboristeriaantichisegreti.it/" local="3457969604" remote="318763443878065572" Dst="-1" /><file name="shCoreDefault.css" server="185.4.155.12/public_html/rosaorlando_it/" local="3457969604" remote="318763443880029732" Dst="-1" /><file name="shThemeDefault.css" server="185.4.155.12/public_html/rosaorlando_it/" local="3457969604" remote="318763443880029732" Dst="-1" /><file name="shCoreDefault.css" server="185.4.155.12/public_html/sekurbox_it/" local="3457969604" remote="318763443885647712" Dst="-1" /><file name="shThemeDefault.css" server="185.4.155.12/public_html/sekurbox_it/" local="3457969604" remote="318763443885647712" Dst="-1" /><file name="shCoreDefault.css" server="ftp.sekurbox.it//htdocs/" local="3457969604" remote="318763443889025052" Dst="-1" /><file name="shThemeDefault.css" server="ftp.sekurbox.it//htdocs/" local="3457969604" remote="318763443889025052" Dst="-1" /></dwsync>