<?xml version="1.0" encoding="utf-8" ?><dwsync><file name="select2.png" server="ftp.iemme.it//www.iemme.it/marss/" local="3457969614" remote="12061870592" Dst="-1" /><file name="select2x2.png" server="ftp.iemme.it//www.iemme.it/marss/" local="3457969614" remote="12061870592" Dst="-1" /><file name="spinner.gif" server="ftp.iemme.it//www.iemme.it/marss/" local="3457969614" remote="12061870592" Dst="-1" /><file name="select2.png" server="ftp.iemme.it//www.iemme.it/marss1/" local="3457969614" remote="12062819432" Dst="-1" /><file name="select2x2.png" server="ftp.iemme.it//www.iemme.it/marss1/" local="3457969614" remote="12062819432" Dst="-1" /><file name="spinner.gif" server="ftp.iemme.it//www.iemme.it/marss1/" local="3457969614" remote="12062819432" Dst="-1" /><file name="select2.png" server="185.4.155.12/public_html/cisura_it/" local="3457969614" remote="12071014412" Dst="-1" /><file name="select2x2.png" server="185.4.155.12/public_html/cisura_it/" local="3457969614" remote="12071014412" Dst="-1" /><file name="spinner.gif" server="185.4.155.12/public_html/cisura_it/" local="3457969614" remote="12071014412" Dst="-1" /><file name="select2.png" server="ftp.erboristeriaantichisegreti.it//www.erboristeriaantichisegreti.it/" local="3457969614" remote="318763443878065812" Dst="-1" /><file name="select2x2.png" server="ftp.erboristeriaantichisegreti.it//www.erboristeriaantichisegreti.it/" local="3457969614" remote="318763443878065812" Dst="-1" /><file name="spinner.gif" server="ftp.erboristeriaantichisegreti.it//www.erboristeriaantichisegreti.it/" local="3457969614" remote="318763443878065812" Dst="-1" /><file name="select2.png" server="185.4.155.12/public_html/rosaorlando_it/" local="3457969614" remote="318763443880029912" Dst="-1" /><file name="select2x2.png" server="185.4.155.12/public_html/rosaorlando_it/" local="3457969614" remote="318763443880029912" Dst="-1" /><file name="spinner.gif" server="185.4.155.12/public_html/rosaorlando_it/" local="3457969614" remote="318763443880029912" Dst="-1" /><file name="select2.png" server="185.4.155.12/public_html/sekurbox_it/" local="3457969614" remote="318763443885647952" Dst="-1" /><file name="select2x2.png" server="185.4.155.12/public_html/sekurbox_it/" local="3457969614" remote="318763443885647952" Dst="-1" /><file name="spinner.gif" server="185.4.155.12/public_html/sekurbox_it/" local="3457969614" remote="318763443885647952" Dst="-1" /><file name="select2.png" server="ftp.sekurbox.it//htdocs/" local="3457969614" remote="318763443889025292" Dst="-1" /><file name="select2x2.png" server="ftp.sekurbox.it//htdocs/" local="3457969614" remote="318763443889025292" Dst="-1" /><file name="spinner.gif" server="ftp.sekurbox.it//htdocs/" local="3457969614" remote="318763443889025292" Dst="-1" /></dwsync>