<?xml version="1.0" encoding="utf-8" ?><dwsync><file name="bg-input-focus.png" server="ftp.iemme.it//www.iemme.it/marss/" local="3457969612" remote="12061870652" Dst="-1" /><file name="bg-input.png" server="ftp.iemme.it//www.iemme.it/marss/" local="3457969612" remote="12061870652" Dst="-1" /><file name="sprite.png" server="ftp.iemme.it//www.iemme.it/marss/" local="3457969612" remote="12061870652" Dst="-1" /><file name="bg-input-focus.png" server="ftp.iemme.it//www.iemme.it/marss1/" local="3457969612" remote="12062819432" Dst="-1" /><file name="bg-input.png" server="ftp.iemme.it//www.iemme.it/marss1/" local="3457969612" remote="12062819432" Dst="-1" /><file name="sprite.png" server="ftp.iemme.it//www.iemme.it/marss1/" local="3457969612" remote="12062819432" Dst="-1" /><file name="bg-input-focus.png" server="185.4.155.12/public_html/cisura_it/" local="3457969612" remote="12071014472" Dst="-1" /><file name="bg-input.png" server="185.4.155.12/public_html/cisura_it/" local="3457969612" remote="12071014472" Dst="-1" /><file name="sprite.png" server="185.4.155.12/public_html/cisura_it/" local="3457969612" remote="12071014472" Dst="-1" /><file name="bg-input-focus.png" server="ftp.erboristeriaantichisegreti.it//www.erboristeriaantichisegreti.it/" local="3457969612" remote="318763443878065812" Dst="-1" /><file name="bg-input.png" server="ftp.erboristeriaantichisegreti.it//www.erboristeriaantichisegreti.it/" local="3457969612" remote="318763443878065812" Dst="-1" /><file name="sprite.png" server="ftp.erboristeriaantichisegreti.it//www.erboristeriaantichisegreti.it/" local="3457969612" remote="318763443878065812" Dst="-1" /><file name="bg-input-focus.png" server="185.4.155.12/public_html/rosaorlando_it/" local="3457969612" remote="318763443880029912" Dst="-1" /><file name="bg-input.png" server="185.4.155.12/public_html/rosaorlando_it/" local="3457969612" remote="318763443880029912" Dst="-1" /><file name="sprite.png" server="185.4.155.12/public_html/rosaorlando_it/" local="3457969612" remote="318763443880029912" Dst="-1" /><file name="bg-input-focus.png" server="185.4.155.12/public_html/sekurbox_it/" local="3457969612" remote="318763443885647952" Dst="-1" /><file name="bg-input.png" server="185.4.155.12/public_html/sekurbox_it/" local="3457969612" remote="318763443885647952" Dst="-1" /><file name="sprite.png" server="185.4.155.12/public_html/sekurbox_it/" local="3457969612" remote="318763443885647952" Dst="-1" /><file name="bg-input-focus.png" server="ftp.sekurbox.it//htdocs/" local="3457969612" remote="318763443889025352" Dst="-1" /><file name="bg-input.png" server="ftp.sekurbox.it//htdocs/" local="3457969612" remote="318763443889025352" Dst="-1" /><file name="sprite.png" server="ftp.sekurbox.it//htdocs/" local="3457969612" remote="318763443889025352" Dst="-1" /></dwsync>