<?xml version="1.0" encoding="utf-8" ?><dwsync><file name="notes.class.php" server="ftp.iemme.it//www.iemme.it/marss/" local="3457969628" remote="12061870892" Dst="-1" /><file name="notes.php" server="ftp.iemme.it//www.iemme.it/marss/" local="3457969628" remote="12061870892" Dst="-1" /><file name="notes.class.php" server="ftp.iemme.it//www.iemme.it/marss1/" local="3457969628" remote="12062819672" Dst="-1" /><file name="notes.php" server="ftp.iemme.it//www.iemme.it/marss1/" local="3457969628" remote="12062819672" Dst="-1" /><file name="notes.class.php" server="185.4.155.12/public_html/cisura_it/" local="3457969628" remote="12071014772" Dst="-1" /><file name="notes.php" server="185.4.155.12/public_html/cisura_it/" local="3457969628" remote="12071014772" Dst="-1" /><file name="notes.class.php" server="ftp.erboristeriaantichisegreti.it//www.erboristeriaantichisegreti.it/" local="3457969628" remote="318763443878065992" Dst="-1" /><file name="notes.php" server="ftp.erboristeriaantichisegreti.it//www.erboristeriaantichisegreti.it/" local="3457969628" remote="318763443878065992" Dst="-1" /><file name="notes.class.php" server="185.4.155.12/public_html/rosaorlando_it/" local="3457969628" remote="318763443880030092" Dst="-1" /><file name="notes.php" server="185.4.155.12/public_html/rosaorlando_it/" local="3457969628" remote="318763443880030092" Dst="-1" /><file name="notes.class.php" server="185.4.155.12/public_html/sekurbox_it/" local="3457969628" remote="318763443885648252" Dst="-1" /><file name="notes.php" server="185.4.155.12/public_html/sekurbox_it/" local="3457969628" remote="318763443885648252" Dst="-1" /><file name="notes.class.php" server="ftp.sekurbox.it//htdocs/" local="3457969628" remote="318763443889025592" Dst="-1" /><file name="notes.php" server="ftp.sekurbox.it//htdocs/" local="3457969628" remote="318763443889025592" Dst="-1" /></dwsync>