<?xml version="1.0" encoding="utf-8" ?><dwsync><file name="Chevron.gif" server="ftp.iemme.it//www.iemme.it/marss/" local="3457969608" remote="12061870592" Dst="-1" /><file name="ChevronOverlay.png" server="ftp.iemme.it//www.iemme.it/marss/" local="3457969608" remote="12061870592" Dst="-1" /><file name="IconHome.gif" server="ftp.iemme.it//www.iemme.it/marss/" local="3457969608" remote="12061870592" Dst="-1" /><file name="Chevron.gif" server="ftp.iemme.it//www.iemme.it/marss1/" local="3457969608" remote="12062819432" Dst="-1" /><file name="ChevronOverlay.png" server="ftp.iemme.it//www.iemme.it/marss1/" local="3457969608" remote="12062819432" Dst="-1" /><file name="IconHome.gif" server="ftp.iemme.it//www.iemme.it/marss1/" local="3457969608" remote="12062819432" Dst="-1" /><file name="Chevron.gif" server="185.4.155.12/public_html/cisura_it/" local="3457969608" remote="12071014412" Dst="-1" /><file name="ChevronOverlay.png" server="185.4.155.12/public_html/cisura_it/" local="3457969608" remote="12071014412" Dst="-1" /><file name="IconHome.gif" server="185.4.155.12/public_html/cisura_it/" local="3457969608" remote="12071014412" Dst="-1" /><file name="Chevron.gif" server="ftp.erboristeriaantichisegreti.it//www.erboristeriaantichisegreti.it/" local="3457969608" remote="318763443878065812" Dst="-1" /><file name="ChevronOverlay.png" server="ftp.erboristeriaantichisegreti.it//www.erboristeriaantichisegreti.it/" local="3457969608" remote="318763443878065812" Dst="-1" /><file name="IconHome.gif" server="ftp.erboristeriaantichisegreti.it//www.erboristeriaantichisegreti.it/" local="3457969608" remote="318763443878065812" Dst="-1" /><file name="Chevron.gif" server="185.4.155.12/public_html/rosaorlando_it/" local="3457969608" remote="318763443880029852" Dst="-1" /><file name="ChevronOverlay.png" server="185.4.155.12/public_html/rosaorlando_it/" local="3457969608" remote="318763443880029852" Dst="-1" /><file name="IconHome.gif" server="185.4.155.12/public_html/rosaorlando_it/" local="3457969608" remote="318763443880029852" Dst="-1" /><file name="Chevron.gif" server="185.4.155.12/public_html/sekurbox_it/" local="3457969608" remote="318763443885647952" Dst="-1" /><file name="ChevronOverlay.png" server="185.4.155.12/public_html/sekurbox_it/" local="3457969608" remote="318763443885647952" Dst="-1" /><file name="IconHome.gif" server="185.4.155.12/public_html/sekurbox_it/" local="3457969608" remote="318763443885647952" Dst="-1" /><file name="Chevron.gif" server="ftp.sekurbox.it//htdocs/" local="3457969608" remote="318763443889025292" Dst="-1" /><file name="ChevronOverlay.png" server="ftp.sekurbox.it//htdocs/" local="3457969608" remote="318763443889025292" Dst="-1" /><file name="IconHome.gif" server="ftp.sekurbox.it//htdocs/" local="3457969608" remote="318763443889025292" Dst="-1" /></dwsync>