<?xml version="1.0" encoding="utf-8" ?><dwsync><file name="background.jpg" server="ftp.iemme.it//www.iemme.it/marss/" local="3457969612" remote="12061870412" Dst="-1" /><file name="bg_box_head.jpg" server="ftp.iemme.it//www.iemme.it/marss/" local="3457969612" remote="12061870412" Dst="-1" /><file name="bg_box_head_dark.jpg" server="ftp.iemme.it//www.iemme.it/marss/" local="3457969612" remote="12061870412" Dst="-1" /><file name="bg_crosshatch.jpg" server="ftp.iemme.it//www.iemme.it/marss/" local="3457969612" remote="12061870412" Dst="-1" /><file name="bg_dark_gray.jpg" server="ftp.iemme.it//www.iemme.it/marss/" local="3457969612" remote="12061870472" Dst="-1" /><file name="bg_default.jpg" server="ftp.iemme.it//www.iemme.it/marss/" local="3457969612" remote="12061870472" Dst="-1" /><file name="bg_gallery.jpg" server="ftp.iemme.it//www.iemme.it/marss/" local="3457969610" remote="12061870472" Dst="-1" /><file name="bg_gray.jpg" server="ftp.iemme.it//www.iemme.it/marss/" local="3457969612" remote="12061870472" Dst="-1" /><file name="bg_green_hatch.jpg" server="ftp.iemme.it//www.iemme.it/marss/" local="3457969612" remote="12061870472" Dst="-1" /><file name="bg_hatch.jpg" server="ftp.iemme.it//www.iemme.it/marss/" local="3457969612" remote="12061870472" Dst="-1" /><file name="bg_light_gray.jpg" server="ftp.iemme.it//www.iemme.it/marss/" local="3457969612" remote="12061870472" Dst="-1" /><file name="bg_light_orange.jpg" server="ftp.iemme.it//www.iemme.it/marss/" local="3457969612" remote="12061870472" Dst="-1" /><file name="bg_mgrid.jpg" server="ftp.iemme.it//www.iemme.it/marss/" local="3457969612" remote="12061870472" Dst="-1" /><file name="bg_subnav.jpg" server="ftp.iemme.it//www.iemme.it/marss/" local="3457969612" remote="12061870472" Dst="-1" /><file name="bg_texture.jpg" server="ftp.iemme.it//www.iemme.it/marss/" local="3457969612" remote="12061870472" Dst="-1" /><file name="bg_yellow_hatch.jpg" server="ftp.iemme.it//www.iemme.it/marss/" local="3457969610" remote="12061870472" Dst="-1" /><file name="default.jpg" server="ftp.iemme.it//www.iemme.it/marss/" local="3457969612" remote="12061870472" Dst="-1" /><file name="divider.png" server="ftp.iemme.it//www.iemme.it/marss/" local="3457969610" remote="12061870472" Dst="-1" /><file name="divider_span.png" server="ftp.iemme.it//www.iemme.it/marss/" local="3457969612" remote="12061870472" Dst="-1" /><file name="dropdown_arrow.png" server="ftp.iemme.it//www.iemme.it/marss/" local="3457969612" remote="12061870472" Dst="-1" /><file name="dropdown_arrow_down.png" server="ftp.iemme.it//www.iemme.it/marss/" local="3457969612" remote="12061870472" Dst="-1" /><file name="dropdown_arrow_up.png" server="ftp.iemme.it//www.iemme.it/marss/" local="3457969612" remote="12061870472" Dst="-1" /><file name="event.png" server="ftp.iemme.it//www.iemme.it/marss/" local="3457969612" remote="12061870472" Dst="-1" /><file name="event_green.png" server="ftp.iemme.it//www.iemme.it/marss/" local="3457969612" remote="12061870472" Dst="-1" /><file name="event_orange.png" server="ftp.iemme.it//www.iemme.it/marss/" local="3457969610" remote="12061870472" Dst="-1" /><file name="event_red.png" server="ftp.iemme.it//www.iemme.it/marss/" local="3457969612" remote="12061870472" Dst="-1" /><file name="faq_dot.png" server="ftp.iemme.it//www.iemme.it/marss/" local="3457969612" remote="12061870472" Dst="-1" /><file name="mainNav_active.png" server="ftp.iemme.it//www.iemme.it/marss/" local="3457969612" remote="12061870472" Dst="-1" /><file name="profile_status.jpg" server="ftp.iemme.it//www.iemme.it/marss/" local="3457969612" remote="12061870472" Dst="-1" /><file name="timeline.png" server="ftp.iemme.it//www.iemme.it/marss/" local="3457969612" remote="12061870472" Dst="-1" /><file name="timeline_dots.png" server="ftp.iemme.it//www.iemme.it/marss/" local="3457969610" remote="12061870472" Dst="-1" /><file name="timeline_dots_first.png" server="ftp.iemme.it//www.iemme.it/marss/" local="3457969612" remote="12061870472" Dst="-1" /><file name="timeline_dots_last.png" server="ftp.iemme.it//www.iemme.it/marss/" local="3457969612" remote="12061870472" Dst="-1" /><file name="white_arrow_left.png" server="ftp.iemme.it//www.iemme.it/marss/" local="3457969612" remote="12061870472" Dst="-1" /><file name="background.jpg" server="ftp.iemme.it//www.iemme.it/marss1/" local="3457969612" remote="12062819012" Dst="-1" /><file name="bg_box_head.jpg" server="ftp.iemme.it//www.iemme.it/marss1/" local="3457969612" remote="12062819012" Dst="-1" /><file name="bg_box_head_dark.jpg" server="ftp.iemme.it//www.iemme.it/marss1/" local="3457969612" remote="12062819012" Dst="-1" /><file name="bg_crosshatch.jpg" server="ftp.iemme.it//www.iemme.it/marss1/" local="3457969612" remote="12062819012" Dst="-1" /><file name="bg_dark_gray.jpg" server="ftp.iemme.it//www.iemme.it/marss1/" local="3457969612" remote="12062819012" Dst="-1" /><file name="bg_default.jpg" server="ftp.iemme.it//www.iemme.it/marss1/" local="3457969612" remote="12062819012" Dst="-1" /><file name="bg_gallery.jpg" server="ftp.iemme.it//www.iemme.it/marss1/" local="3457969610" remote="12062819012" Dst="-1" /><file name="bg_gray.jpg" server="ftp.iemme.it//www.iemme.it/marss1/" local="3457969612" remote="12062819012" Dst="-1" /><file name="bg_green_hatch.jpg" server="ftp.iemme.it//www.iemme.it/marss1/" local="3457969612" remote="12062819012" Dst="-1" /><file name="bg_hatch.jpg" server="ftp.iemme.it//www.iemme.it/marss1/" local="3457969612" remote="12062819012" Dst="-1" /><file name="bg_light_gray.jpg" server="ftp.iemme.it//www.iemme.it/marss1/" local="3457969612" remote="12062819012" Dst="-1" /><file name="bg_light_orange.jpg" server="ftp.iemme.it//www.iemme.it/marss1/" local="3457969612" remote="12062819012" Dst="-1" /><file name="bg_mgrid.jpg" server="ftp.iemme.it//www.iemme.it/marss1/" local="3457969612" remote="12062819072" Dst="-1" /><file name="bg_subnav.jpg" server="ftp.iemme.it//www.iemme.it/marss1/" local="3457969612" remote="12062819072" Dst="-1" /><file name="bg_texture.jpg" server="ftp.iemme.it//www.iemme.it/marss1/" local="3457969612" remote="12062819072" Dst="-1" /><file name="bg_yellow_hatch.jpg" server="ftp.iemme.it//www.iemme.it/marss1/" local="3457969610" remote="12062819072" Dst="-1" /><file name="default.jpg" server="ftp.iemme.it//www.iemme.it/marss1/" local="3457969612" remote="12062819072" Dst="-1" /><file name="divider.png" server="ftp.iemme.it//www.iemme.it/marss1/" local="3457969610" remote="12062819072" Dst="-1" /><file name="divider_span.png" server="ftp.iemme.it//www.iemme.it/marss1/" local="3457969612" remote="12062819072" Dst="-1" /><file name="dropdown_arrow.png" server="ftp.iemme.it//www.iemme.it/marss1/" local="3457969612" remote="12062819072" Dst="-1" /><file name="dropdown_arrow_down.png" server="ftp.iemme.it//www.iemme.it/marss1/" local="3457969612" remote="12062819072" Dst="-1" /><file name="dropdown_arrow_up.png" server="ftp.iemme.it//www.iemme.it/marss1/" local="3457969612" remote="12062819072" Dst="-1" /><file name="event.png" server="ftp.iemme.it//www.iemme.it/marss1/" local="3457969612" remote="12062819072" Dst="-1" /><file name="event_green.png" server="ftp.iemme.it//www.iemme.it/marss1/" local="3457969612" remote="12062819072" Dst="-1" /><file name="event_orange.png" server="ftp.iemme.it//www.iemme.it/marss1/" local="3457969610" remote="12062819072" Dst="-1" /><file name="event_red.png" server="ftp.iemme.it//www.iemme.it/marss1/" local="3457969612" remote="12062819072" Dst="-1" /><file name="faq_dot.png" server="ftp.iemme.it//www.iemme.it/marss1/" local="3457969612" remote="12062819072" Dst="-1" /><file name="mainNav_active.png" server="ftp.iemme.it//www.iemme.it/marss1/" local="3457969612" remote="12062819072" Dst="-1" /><file name="profile_status.jpg" server="ftp.iemme.it//www.iemme.it/marss1/" local="3457969612" remote="12062819072" Dst="-1" /><file name="timeline.png" server="ftp.iemme.it//www.iemme.it/marss1/" local="3457969612" remote="12062819072" Dst="-1" /><file name="timeline_dots.png" server="ftp.iemme.it//www.iemme.it/marss1/" local="3457969610" remote="12062819072" Dst="-1" /><file name="timeline_dots_first.png" server="ftp.iemme.it//www.iemme.it/marss1/" local="3457969612" remote="12062819072" Dst="-1" /><file name="timeline_dots_last.png" server="ftp.iemme.it//www.iemme.it/marss1/" local="3457969612" remote="12062819072" Dst="-1" /><file name="white_arrow_left.png" server="ftp.iemme.it//www.iemme.it/marss1/" local="3457969612" remote="12062819072" Dst="-1" /><file name="background.jpg" server="185.4.155.12/public_html/cisura_it/" local="3457969612" remote="12071014232" Dst="-1" /><file name="bg_box_head.jpg" server="185.4.155.12/public_html/cisura_it/" local="3457969612" remote="12071014232" Dst="-1" /><file name="bg_box_head_dark.jpg" server="185.4.155.12/public_html/cisura_it/" local="3457969612" remote="12071014232" Dst="-1" /><file name="bg_crosshatch.jpg" server="185.4.155.12/public_html/cisura_it/" local="3457969612" remote="12071014232" Dst="-1" /><file name="bg_dark_gray.jpg" server="185.4.155.12/public_html/cisura_it/" local="3457969612" remote="12071014232" Dst="-1" /><file name="bg_default.jpg" server="185.4.155.12/public_html/cisura_it/" local="3457969612" remote="12071014232" Dst="-1" /><file name="bg_gallery.jpg" server="185.4.155.12/public_html/cisura_it/" local="3457969610" remote="12071014232" Dst="-1" /><file name="bg_gray.jpg" server="185.4.155.12/public_html/cisura_it/" local="3457969612" remote="12071014232" Dst="-1" /><file name="bg_green_hatch.jpg" server="185.4.155.12/public_html/cisura_it/" local="3457969612" remote="12071014232" Dst="-1" /><file name="bg_hatch.jpg" server="185.4.155.12/public_html/cisura_it/" local="3457969612" remote="12071014232" Dst="-1" /><file name="bg_light_gray.jpg" server="185.4.155.12/public_html/cisura_it/" local="3457969612" remote="12071014232" Dst="-1" /><file name="bg_light_orange.jpg" server="185.4.155.12/public_html/cisura_it/" local="3457969612" remote="12071014232" Dst="-1" /><file name="bg_mgrid.jpg" server="185.4.155.12/public_html/cisura_it/" local="3457969612" remote="12071014232" Dst="-1" /><file name="bg_subnav.jpg" server="185.4.155.12/public_html/cisura_it/" local="3457969612" remote="12071014232" Dst="-1" /><file name="bg_texture.jpg" server="185.4.155.12/public_html/cisura_it/" local="3457969612" remote="12071014232" Dst="-1" /><file name="bg_yellow_hatch.jpg" server="185.4.155.12/public_html/cisura_it/" local="3457969610" remote="12071014292" Dst="-1" /><file name="default.jpg" server="185.4.155.12/public_html/cisura_it/" local="3457969612" remote="12071014292" Dst="-1" /><file name="divider.png" server="185.4.155.12/public_html/cisura_it/" local="3457969610" remote="12071014292" Dst="-1" /><file name="divider_span.png" server="185.4.155.12/public_html/cisura_it/" local="3457969612" remote="12071014292" Dst="-1" /><file name="dropdown_arrow.png" server="185.4.155.12/public_html/cisura_it/" local="3457969612" remote="12071014292" Dst="-1" /><file name="dropdown_arrow_down.png" server="185.4.155.12/public_html/cisura_it/" local="3457969612" remote="12071014292" Dst="-1" /><file name="dropdown_arrow_up.png" server="185.4.155.12/public_html/cisura_it/" local="3457969612" remote="12071014292" Dst="-1" /><file name="event.png" server="185.4.155.12/public_html/cisura_it/" local="3457969612" remote="12071014292" Dst="-1" /><file name="event_green.png" server="185.4.155.12/public_html/cisura_it/" local="3457969612" remote="12071014292" Dst="-1" /><file name="event_orange.png" server="185.4.155.12/public_html/cisura_it/" local="3457969610" remote="12071014292" Dst="-1" /><file name="event_red.png" server="185.4.155.12/public_html/cisura_it/" local="3457969612" remote="12071014292" Dst="-1" /><file name="faq_dot.png" server="185.4.155.12/public_html/cisura_it/" local="3457969612" remote="12071014292" Dst="-1" /><file name="mainNav_active.png" server="185.4.155.12/public_html/cisura_it/" local="3457969612" remote="12071014292" Dst="-1" /><file name="profile_status.jpg" server="185.4.155.12/public_html/cisura_it/" local="3457969612" remote="12071014292" Dst="-1" /><file name="timeline.png" server="185.4.155.12/public_html/cisura_it/" local="3457969612" remote="12071014292" Dst="-1" /><file name="timeline_dots.png" server="185.4.155.12/public_html/cisura_it/" local="3457969610" remote="12071014292" Dst="-1" /><file name="timeline_dots_first.png" server="185.4.155.12/public_html/cisura_it/" local="3457969612" remote="12071014292" Dst="-1" /><file name="timeline_dots_last.png" server="185.4.155.12/public_html/cisura_it/" local="3457969612" remote="12071014292" Dst="-1" /><file name="white_arrow_left.png" server="185.4.155.12/public_html/cisura_it/" local="3457969612" remote="12071014292" Dst="-1" /><file name="bg_box_head.jpg" server="ftp.erboristeriaantichisegreti.it//www.erboristeriaantichisegreti.it/" local="3457969612" remote="318763443878065632" Dst="-1" /><file name="bg_box_head_dark.jpg" server="ftp.erboristeriaantichisegreti.it//www.erboristeriaantichisegreti.it/" local="3457969612" remote="318763443878065632" Dst="-1" /><file name="bg_crosshatch.jpg" server="ftp.erboristeriaantichisegreti.it//www.erboristeriaantichisegreti.it/" local="3457969612" remote="318763443878065632" Dst="-1" /><file name="bg_dark_gray.jpg" server="ftp.erboristeriaantichisegreti.it//www.erboristeriaantichisegreti.it/" local="3457969612" remote="318763443878065632" Dst="-1" /><file name="bg_default.jpg" server="ftp.erboristeriaantichisegreti.it//www.erboristeriaantichisegreti.it/" local="3457969612" remote="318763443878065632" Dst="-1" /><file name="bg_gallery.jpg" server="ftp.erboristeriaantichisegreti.it//www.erboristeriaantichisegreti.it/" local="3457969610" remote="318763443878065632" Dst="-1" /><file name="bg_green_hatch.jpg" server="ftp.erboristeriaantichisegreti.it//www.erboristeriaantichisegreti.it/" local="3457969612" remote="318763443878065632" Dst="-1" /><file name="bg_gray.jpg" server="ftp.erboristeriaantichisegreti.it//www.erboristeriaantichisegreti.it/" local="3457969612" remote="318763443878065632" Dst="-1" /><file name="bg_hatch.jpg" server="ftp.erboristeriaantichisegreti.it//www.erboristeriaantichisegreti.it/" local="3457969612" remote="318763443878065632" Dst="-1" /><file name="bg_light_gray.jpg" server="ftp.erboristeriaantichisegreti.it//www.erboristeriaantichisegreti.it/" local="3457969612" remote="318763443878065632" Dst="-1" /><file name="bg_light_orange.jpg" server="ftp.erboristeriaantichisegreti.it//www.erboristeriaantichisegreti.it/" local="3457969612" remote="318763443878065632" Dst="-1" /><file name="bg_mgrid.jpg" server="ftp.erboristeriaantichisegreti.it//www.erboristeriaantichisegreti.it/" local="3457969612" remote="318763443878065632" Dst="-1" /><file name="bg_subnav.jpg" server="ftp.erboristeriaantichisegreti.it//www.erboristeriaantichisegreti.it/" local="3457969612" remote="318763443878065632" Dst="-1" /><file name="background.jpg" server="ftp.erboristeriaantichisegreti.it//www.erboristeriaantichisegreti.it/" local="3457969612" remote="318763443878065632" Dst="-1" /><file name="bg_yellow_hatch.jpg" server="ftp.erboristeriaantichisegreti.it//www.erboristeriaantichisegreti.it/" local="3457969610" remote="318763443878065632" Dst="-1" /><file name="default.jpg" server="ftp.erboristeriaantichisegreti.it//www.erboristeriaantichisegreti.it/" local="3457969612" remote="318763443878065632" Dst="-1" /><file name="bg_texture.jpg" server="ftp.erboristeriaantichisegreti.it//www.erboristeriaantichisegreti.it/" local="3457969612" remote="318763443878065632" Dst="-1" /><file name="divider.png" server="ftp.erboristeriaantichisegreti.it//www.erboristeriaantichisegreti.it/" local="3457969610" remote="318763443878065632" Dst="-1" /><file name="divider_span.png" server="ftp.erboristeriaantichisegreti.it//www.erboristeriaantichisegreti.it/" local="3457969612" remote="318763443878065632" Dst="-1" /><file name="dropdown_arrow.png" server="ftp.erboristeriaantichisegreti.it//www.erboristeriaantichisegreti.it/" local="3457969612" remote="318763443878065632" Dst="-1" /><file name="dropdown_arrow_down.png" server="ftp.erboristeriaantichisegreti.it//www.erboristeriaantichisegreti.it/" local="3457969612" remote="318763443878065692" Dst="-1" /><file name="dropdown_arrow_up.png" server="ftp.erboristeriaantichisegreti.it//www.erboristeriaantichisegreti.it/" local="3457969612" remote="318763443878065692" Dst="-1" /><file name="event.png" server="ftp.erboristeriaantichisegreti.it//www.erboristeriaantichisegreti.it/" local="3457969612" remote="318763443878065692" Dst="-1" /><file name="event_green.png" server="ftp.erboristeriaantichisegreti.it//www.erboristeriaantichisegreti.it/" local="3457969612" remote="318763443878065692" Dst="-1" /><file name="event_orange.png" server="ftp.erboristeriaantichisegreti.it//www.erboristeriaantichisegreti.it/" local="3457969610" remote="318763443878065692" Dst="-1" /><file name="event_red.png" server="ftp.erboristeriaantichisegreti.it//www.erboristeriaantichisegreti.it/" local="3457969612" remote="318763443878065692" Dst="-1" /><file name="faq_dot.png" server="ftp.erboristeriaantichisegreti.it//www.erboristeriaantichisegreti.it/" local="3457969612" remote="318763443878065692" Dst="-1" /><file name="mainNav_active.png" server="ftp.erboristeriaantichisegreti.it//www.erboristeriaantichisegreti.it/" local="3457969612" remote="318763443878065692" Dst="-1" /><file name="profile_status.jpg" server="ftp.erboristeriaantichisegreti.it//www.erboristeriaantichisegreti.it/" local="3457969612" remote="318763443878065692" Dst="-1" /><file name="timeline.png" server="ftp.erboristeriaantichisegreti.it//www.erboristeriaantichisegreti.it/" local="3457969612" remote="318763443878065692" Dst="-1" /><file name="timeline_dots.png" server="ftp.erboristeriaantichisegreti.it//www.erboristeriaantichisegreti.it/" local="3457969610" remote="318763443878065692" Dst="-1" /><file name="timeline_dots_last.png" server="ftp.erboristeriaantichisegreti.it//www.erboristeriaantichisegreti.it/" local="3457969612" remote="318763443878065692" Dst="-1" /><file name="timeline_dots_first.png" server="ftp.erboristeriaantichisegreti.it//www.erboristeriaantichisegreti.it/" local="3457969612" remote="318763443878065692" Dst="-1" /><file name="white_arrow_left.png" server="ftp.erboristeriaantichisegreti.it//www.erboristeriaantichisegreti.it/" local="3457969612" remote="318763443878065692" Dst="-1" /><file name="bg_box_head.jpg" server="185.4.155.12/public_html/rosaorlando_it/" local="3457969612" remote="318763443880029732" Dst="-1" /><file name="bg_box_head_dark.jpg" server="185.4.155.12/public_html/rosaorlando_it/" local="3457969612" remote="318763443880029732" Dst="-1" /><file name="bg_crosshatch.jpg" server="185.4.155.12/public_html/rosaorlando_it/" local="3457969612" remote="318763443880029732" Dst="-1" /><file name="bg_dark_gray.jpg" server="185.4.155.12/public_html/rosaorlando_it/" local="3457969612" remote="318763443880029792" Dst="-1" /><file name="bg_default.jpg" server="185.4.155.12/public_html/rosaorlando_it/" local="3457969612" remote="318763443880029792" Dst="-1" /><file name="bg_gallery.jpg" server="185.4.155.12/public_html/rosaorlando_it/" local="3457969610" remote="318763443880029792" Dst="-1" /><file name="bg_gray.jpg" server="185.4.155.12/public_html/rosaorlando_it/" local="3457969612" remote="318763443880029792" Dst="-1" /><file name="bg_green_hatch.jpg" server="185.4.155.12/public_html/rosaorlando_it/" local="3457969612" remote="318763443880029792" Dst="-1" /><file name="bg_hatch.jpg" server="185.4.155.12/public_html/rosaorlando_it/" local="3457969612" remote="318763443880029792" Dst="-1" /><file name="bg_light_gray.jpg" server="185.4.155.12/public_html/rosaorlando_it/" local="3457969612" remote="318763443880029792" Dst="-1" /><file name="bg_light_orange.jpg" server="185.4.155.12/public_html/rosaorlando_it/" local="3457969612" remote="318763443880029792" Dst="-1" /><file name="bg_mgrid.jpg" server="185.4.155.12/public_html/rosaorlando_it/" local="3457969612" remote="318763443880029792" Dst="-1" /><file name="bg_subnav.jpg" server="185.4.155.12/public_html/rosaorlando_it/" local="3457969612" remote="318763443880029792" Dst="-1" /><file name="background.jpg" server="185.4.155.12/public_html/rosaorlando_it/" local="3457969612" remote="318763443880029792" Dst="-1" /><file name="bg_yellow_hatch.jpg" server="185.4.155.12/public_html/rosaorlando_it/" local="3457969610" remote="318763443880029792" Dst="-1" /><file name="default.jpg" server="185.4.155.12/public_html/rosaorlando_it/" local="3457969612" remote="318763443880029792" Dst="-1" /><file name="bg_texture.jpg" server="185.4.155.12/public_html/rosaorlando_it/" local="3457969612" remote="318763443880029792" Dst="-1" /><file name="divider.png" server="185.4.155.12/public_html/rosaorlando_it/" local="3457969610" remote="318763443880029792" Dst="-1" /><file name="divider_span.png" server="185.4.155.12/public_html/rosaorlando_it/" local="3457969612" remote="318763443880029792" Dst="-1" /><file name="dropdown_arrow.png" server="185.4.155.12/public_html/rosaorlando_it/" local="3457969612" remote="318763443880029792" Dst="-1" /><file name="dropdown_arrow_down.png" server="185.4.155.12/public_html/rosaorlando_it/" local="3457969612" remote="318763443880029792" Dst="-1" /><file name="dropdown_arrow_up.png" server="185.4.155.12/public_html/rosaorlando_it/" local="3457969612" remote="318763443880029792" Dst="-1" /><file name="event.png" server="185.4.155.12/public_html/rosaorlando_it/" local="3457969612" remote="318763443880029792" Dst="-1" /><file name="event_green.png" server="185.4.155.12/public_html/rosaorlando_it/" local="3457969612" remote="318763443880029792" Dst="-1" /><file name="event_orange.png" server="185.4.155.12/public_html/rosaorlando_it/" local="3457969610" remote="318763443880029792" Dst="-1" /><file name="event_red.png" server="185.4.155.12/public_html/rosaorlando_it/" local="3457969612" remote="318763443880029792" Dst="-1" /><file name="faq_dot.png" server="185.4.155.12/public_html/rosaorlando_it/" local="3457969612" remote="318763443880029792" Dst="-1" /><file name="mainNav_active.png" server="185.4.155.12/public_html/rosaorlando_it/" local="3457969612" remote="318763443880029792" Dst="-1" /><file name="profile_status.jpg" server="185.4.155.12/public_html/rosaorlando_it/" local="3457969612" remote="318763443880029792" Dst="-1" /><file name="timeline.png" server="185.4.155.12/public_html/rosaorlando_it/" local="3457969612" remote="318763443880029792" Dst="-1" /><file name="timeline_dots.png" server="185.4.155.12/public_html/rosaorlando_it/" local="3457969610" remote="318763443880029792" Dst="-1" /><file name="timeline_dots_first.png" server="185.4.155.12/public_html/rosaorlando_it/" local="3457969612" remote="318763443880029792" Dst="-1" /><file name="timeline_dots_last.png" server="185.4.155.12/public_html/rosaorlando_it/" local="3457969612" remote="318763443880029792" Dst="-1" /><file name="white_arrow_left.png" server="185.4.155.12/public_html/rosaorlando_it/" local="3457969612" remote="318763443880029792" Dst="-1" /><file name="bg_box_head.jpg" server="185.4.155.12/public_html/sekurbox_it/" local="3457969612" remote="318763443885647772" Dst="-1" /><file name="bg_box_head_dark.jpg" server="185.4.155.12/public_html/sekurbox_it/" local="3457969612" remote="318763443885647772" Dst="-1" /><file name="bg_crosshatch.jpg" server="185.4.155.12/public_html/sekurbox_it/" local="3457969612" remote="318763443885647772" Dst="-1" /><file name="bg_dark_gray.jpg" server="185.4.155.12/public_html/sekurbox_it/" local="3457969612" remote="318763443885647772" Dst="-1" /><file name="bg_default.jpg" server="185.4.155.12/public_html/sekurbox_it/" local="3457969612" remote="318763443885647772" Dst="-1" /><file name="bg_gallery.jpg" server="185.4.155.12/public_html/sekurbox_it/" local="3457969610" remote="318763443885647772" Dst="-1" /><file name="bg_gray.jpg" server="185.4.155.12/public_html/sekurbox_it/" local="3457969612" remote="318763443885647772" Dst="-1" /><file name="bg_green_hatch.jpg" server="185.4.155.12/public_html/sekurbox_it/" local="3457969612" remote="318763443885647772" Dst="-1" /><file name="bg_hatch.jpg" server="185.4.155.12/public_html/sekurbox_it/" local="3457969612" remote="318763443885647772" Dst="-1" /><file name="bg_light_gray.jpg" server="185.4.155.12/public_html/sekurbox_it/" local="3457969612" remote="318763443885647832" Dst="-1" /><file name="bg_light_orange.jpg" server="185.4.155.12/public_html/sekurbox_it/" local="3457969612" remote="318763443885647832" Dst="-1" /><file name="background.jpg" server="185.4.155.12/public_html/sekurbox_it/" local="3457969612" remote="318763443885647832" Dst="-1" /><file name="bg_mgrid.jpg" server="185.4.155.12/public_html/sekurbox_it/" local="3457969612" remote="318763443885647832" Dst="-1" /><file name="bg_subnav.jpg" server="185.4.155.12/public_html/sekurbox_it/" local="3457969612" remote="318763443885647832" Dst="-1" /><file name="default.jpg" server="185.4.155.12/public_html/sekurbox_it/" local="3457969612" remote="318763443885647832" Dst="-1" /><file name="bg_yellow_hatch.jpg" server="185.4.155.12/public_html/sekurbox_it/" local="3457969610" remote="318763443885647832" Dst="-1" /><file name="bg_texture.jpg" server="185.4.155.12/public_html/sekurbox_it/" local="3457969612" remote="318763443885647832" Dst="-1" /><file name="divider.png" server="185.4.155.12/public_html/sekurbox_it/" local="3457969610" remote="318763443885647832" Dst="-1" /><file name="divider_span.png" server="185.4.155.12/public_html/sekurbox_it/" local="3457969612" remote="318763443885647832" Dst="-1" /><file name="dropdown_arrow.png" server="185.4.155.12/public_html/sekurbox_it/" local="3457969612" remote="318763443885647832" Dst="-1" /><file name="dropdown_arrow_down.png" server="185.4.155.12/public_html/sekurbox_it/" local="3457969612" remote="318763443885647832" Dst="-1" /><file name="dropdown_arrow_up.png" server="185.4.155.12/public_html/sekurbox_it/" local="3457969612" remote="318763443885647832" Dst="-1" /><file name="event.png" server="185.4.155.12/public_html/sekurbox_it/" local="3457969612" remote="318763443885647832" Dst="-1" /><file name="event_green.png" server="185.4.155.12/public_html/sekurbox_it/" local="3457969612" remote="318763443885647832" Dst="-1" /><file name="event_orange.png" server="185.4.155.12/public_html/sekurbox_it/" local="3457969610" remote="318763443885647832" Dst="-1" /><file name="event_red.png" server="185.4.155.12/public_html/sekurbox_it/" local="3457969612" remote="318763443885647832" Dst="-1" /><file name="faq_dot.png" server="185.4.155.12/public_html/sekurbox_it/" local="3457969612" remote="318763443885647832" Dst="-1" /><file name="mainNav_active.png" server="185.4.155.12/public_html/sekurbox_it/" local="3457969612" remote="318763443885647832" Dst="-1" /><file name="profile_status.jpg" server="185.4.155.12/public_html/sekurbox_it/" local="3457969612" remote="318763443885647832" Dst="-1" /><file name="timeline.png" server="185.4.155.12/public_html/sekurbox_it/" local="3457969612" remote="318763443885647832" Dst="-1" /><file name="timeline_dots.png" server="185.4.155.12/public_html/sekurbox_it/" local="3457969610" remote="318763443885647832" Dst="-1" /><file name="timeline_dots_first.png" server="185.4.155.12/public_html/sekurbox_it/" local="3457969612" remote="318763443885647832" Dst="-1" /><file name="timeline_dots_last.png" server="185.4.155.12/public_html/sekurbox_it/" local="3457969612" remote="318763443885647832" Dst="-1" /><file name="white_arrow_left.png" server="185.4.155.12/public_html/sekurbox_it/" local="3457969612" remote="318763443885647832" Dst="-1" /><file name="bg_box_head.jpg" server="ftp.sekurbox.it//htdocs/" local="3457969612" remote="318763443889025052" Dst="-1" /><file name="bg_box_head_dark.jpg" server="ftp.sekurbox.it//htdocs/" local="3457969612" remote="318763443889025052" Dst="-1" /><file name="bg_crosshatch.jpg" server="ftp.sekurbox.it//htdocs/" local="3457969612" remote="318763443889025112" Dst="-1" /><file name="bg_dark_gray.jpg" server="ftp.sekurbox.it//htdocs/" local="3457969612" remote="318763443889025112" Dst="-1" /><file name="bg_default.jpg" server="ftp.sekurbox.it//htdocs/" local="3457969612" remote="318763443889025112" Dst="-1" /><file name="bg_gallery.jpg" server="ftp.sekurbox.it//htdocs/" local="3457969610" remote="318763443889025112" Dst="-1" /><file name="bg_gray.jpg" server="ftp.sekurbox.it//htdocs/" local="3457969612" remote="318763443889025112" Dst="-1" /><file name="bg_green_hatch.jpg" server="ftp.sekurbox.it//htdocs/" local="3457969612" remote="318763443889025112" Dst="-1" /><file name="bg_hatch.jpg" server="ftp.sekurbox.it//htdocs/" local="3457969612" remote="318763443889025112" Dst="-1" /><file name="bg_light_gray.jpg" server="ftp.sekurbox.it//htdocs/" local="3457969612" remote="318763443889025112" Dst="-1" /><file name="bg_light_orange.jpg" server="ftp.sekurbox.it//htdocs/" local="3457969612" remote="318763443889025112" Dst="-1" /><file name="bg_mgrid.jpg" server="ftp.sekurbox.it//htdocs/" local="3457969612" remote="318763443889025112" Dst="-1" /><file name="bg_subnav.jpg" server="ftp.sekurbox.it//htdocs/" local="3457969612" remote="318763443889025112" Dst="-1" /><file name="bg_yellow_hatch.jpg" server="ftp.sekurbox.it//htdocs/" local="3457969610" remote="318763443889025112" Dst="-1" /><file name="bg_texture.jpg" server="ftp.sekurbox.it//htdocs/" local="3457969612" remote="318763443889025112" Dst="-1" /><file name="default.jpg" server="ftp.sekurbox.it//htdocs/" local="3457969612" remote="318763443889025112" Dst="-1" /><file name="background.jpg" server="ftp.sekurbox.it//htdocs/" local="3457969612" remote="318763443889025112" Dst="-1" /><file name="divider.png" server="ftp.sekurbox.it//htdocs/" local="3457969610" remote="318763443889025112" Dst="-1" /><file name="divider_span.png" server="ftp.sekurbox.it//htdocs/" local="3457969612" remote="318763443889025112" Dst="-1" /><file name="dropdown_arrow.png" server="ftp.sekurbox.it//htdocs/" local="3457969612" remote="318763443889025112" Dst="-1" /><file name="dropdown_arrow_up.png" server="ftp.sekurbox.it//htdocs/" local="3457969612" remote="318763443889025112" Dst="-1" /><file name="dropdown_arrow_down.png" server="ftp.sekurbox.it//htdocs/" local="3457969612" remote="318763443889025172" Dst="-1" /><file name="event.png" server="ftp.sekurbox.it//htdocs/" local="3457969612" remote="318763443889025172" Dst="-1" /><file name="event_green.png" server="ftp.sekurbox.it//htdocs/" local="3457969612" remote="318763443889025172" Dst="-1" /><file name="event_orange.png" server="ftp.sekurbox.it//htdocs/" local="3457969610" remote="318763443889025172" Dst="-1" /><file name="event_red.png" server="ftp.sekurbox.it//htdocs/" local="3457969612" remote="318763443889025172" Dst="-1" /><file name="faq_dot.png" server="ftp.sekurbox.it//htdocs/" local="3457969612" remote="318763443889025172" Dst="-1" /><file name="mainNav_active.png" server="ftp.sekurbox.it//htdocs/" local="3457969612" remote="318763443889025172" Dst="-1" /><file name="profile_status.jpg" server="ftp.sekurbox.it//htdocs/" local="3457969612" remote="318763443889025172" Dst="-1" /><file name="timeline.png" server="ftp.sekurbox.it//htdocs/" local="3457969612" remote="318763443889025172" Dst="-1" /><file name="timeline_dots.png" server="ftp.sekurbox.it//htdocs/" local="3457969610" remote="318763443889025172" Dst="-1" /><file name="timeline_dots_first.png" server="ftp.sekurbox.it//htdocs/" local="3457969612" remote="318763443889025172" Dst="-1" /><file name="timeline_dots_last.png" server="ftp.sekurbox.it//htdocs/" local="3457969612" remote="318763443889025172" Dst="-1" /><file name="white_arrow_left.png" server="ftp.sekurbox.it//htdocs/" local="3457969612" remote="318763443889025172" Dst="-1" /></dwsync>