<?xml version="1.0" encoding="utf-8" ?><dwsync><file name="document.doc" server="ftp.iemme.it//www.iemme.it/marss/" local="3457969602" remote="12061870172" Dst="-1" /><file name="excel.xls" server="ftp.iemme.it//www.iemme.it/marss/" local="3457969602" remote="12061870172" Dst="-1" /><file name="text.txt" server="ftp.iemme.it//www.iemme.it/marss/" local="3457969602" remote="12061870172" Dst="-1" /><file name="document.doc" server="ftp.iemme.it//www.iemme.it/marss1/" local="3457969602" remote="12062818232" Dst="-1" /><file name="excel.xls" server="ftp.iemme.it//www.iemme.it/marss1/" local="3457969602" remote="12062818232" Dst="-1" /><file name="text.txt" server="ftp.iemme.it//www.iemme.it/marss1/" local="3457969602" remote="12062818232" Dst="-1" /><file name="document.doc" server="185.4.155.12/public_html/cisura_it/" local="3457969602" remote="12071013872" Dst="-1" /><file name="excel.xls" server="185.4.155.12/public_html/cisura_it/" local="3457969602" remote="12071013872" Dst="-1" /><file name="text.txt" server="185.4.155.12/public_html/cisura_it/" local="3457969602" remote="12071013872" Dst="-1" /><file name="document.doc" server="ftp.erboristeriaantichisegreti.it//www.erboristeriaantichisegreti.it/" local="3457969602" remote="318763443878065392" Dst="-1" /><file name="excel.xls" server="ftp.erboristeriaantichisegreti.it//www.erboristeriaantichisegreti.it/" local="3457969602" remote="318763443878065392" Dst="-1" /><file name="text.txt" server="ftp.erboristeriaantichisegreti.it//www.erboristeriaantichisegreti.it/" local="3457969602" remote="318763443878065392" Dst="-1" /><file name="document.doc" server="185.4.155.12/public_html/rosaorlando_it/" local="3457969602" remote="318763443880029552" Dst="-1" /><file name="excel.xls" server="185.4.155.12/public_html/rosaorlando_it/" local="3457969602" remote="318763443880029552" Dst="-1" /><file name="text.txt" server="185.4.155.12/public_html/rosaorlando_it/" local="3457969602" remote="318763443880029552" Dst="-1" /><file name="document.doc" server="185.4.155.12/public_html/sekurbox_it/" local="3457969602" remote="318763443885647532" Dst="-1" /><file name="excel.xls" server="185.4.155.12/public_html/sekurbox_it/" local="3457969602" remote="318763443885647532" Dst="-1" /><file name="text.txt" server="185.4.155.12/public_html/sekurbox_it/" local="3457969602" remote="318763443885647532" Dst="-1" /><file name="document.doc" server="ftp.sekurbox.it//htdocs/" local="3457969602" remote="318763443889024872" Dst="-1" /><file name="excel.xls" server="ftp.sekurbox.it//htdocs/" local="3457969602" remote="318763443889024872" Dst="-1" /><file name="text.txt" server="ftp.sekurbox.it//htdocs/" local="3457969602" remote="318763443889024872" Dst="-1" /></dwsync>