<?xml version="1.0" encoding="utf-8" ?><dwsync><file name="application.png" server="ftp.iemme.it//www.iemme.it/marss/" local="3457969614" remote="12061870532" Dst="-1" /><file name="code.png" server="ftp.iemme.it//www.iemme.it/marss/" local="3457969614" remote="12061870532" Dst="-1" /><file name="css.png" server="ftp.iemme.it//www.iemme.it/marss/" local="3457969614" remote="12061870532" Dst="-1" /><file name="db.png" server="ftp.iemme.it//www.iemme.it/marss/" local="3457969614" remote="12061870532" Dst="-1" /><file name="directory.png" server="ftp.iemme.it//www.iemme.it/marss/" local="3457969612" remote="12061870532" Dst="-1" /><file name="doc.png" server="ftp.iemme.it//www.iemme.it/marss/" local="3457969614" remote="12061870532" Dst="-1" /><file name="file.png" server="ftp.iemme.it//www.iemme.it/marss/" local="3457969612" remote="12061870532" Dst="-1" /><file name="film.png" server="ftp.iemme.it//www.iemme.it/marss/" local="3457969612" remote="12061870532" Dst="-1" /><file name="flash.png" server="ftp.iemme.it//www.iemme.it/marss/" local="3457969614" remote="12061870532" Dst="-1" /><file name="folder_open.png" server="ftp.iemme.it//www.iemme.it/marss/" local="3457969614" remote="12061870532" Dst="-1" /><file name="html.png" server="ftp.iemme.it//www.iemme.it/marss/" local="3457969614" remote="12061870532" Dst="-1" /><file name="java.png" server="ftp.iemme.it//www.iemme.it/marss/" local="3457969614" remote="12061870532" Dst="-1" /><file name="linux.png" server="ftp.iemme.it//www.iemme.it/marss/" local="3457969614" remote="12061870532" Dst="-1" /><file name="music.png" server="ftp.iemme.it//www.iemme.it/marss/" local="3457969614" remote="12061870532" Dst="-1" /><file name="pdf.png" server="ftp.iemme.it//www.iemme.it/marss/" local="3457969614" remote="12061870532" Dst="-1" /><file name="php.png" server="ftp.iemme.it//www.iemme.it/marss/" local="3457969614" remote="12061870532" Dst="-1" /><file name="picture.png" server="ftp.iemme.it//www.iemme.it/marss/" local="3457969614" remote="12061870532" Dst="-1" /><file name="ppt.png" server="ftp.iemme.it//www.iemme.it/marss/" local="3457969614" remote="12061870532" Dst="-1" /><file name="psd.png" server="ftp.iemme.it//www.iemme.it/marss/" local="3457969614" remote="12061870532" Dst="-1" /><file name="ruby.png" server="ftp.iemme.it//www.iemme.it/marss/" local="3457969614" remote="12061870532" Dst="-1" /><file name="script.png" server="ftp.iemme.it//www.iemme.it/marss/" local="3457969612" remote="12061870532" Dst="-1" /><file name="spinner.gif" server="ftp.iemme.it//www.iemme.it/marss/" local="3457969614" remote="12061870532" Dst="-1" /><file name="txt.png" server="ftp.iemme.it//www.iemme.it/marss/" local="3457969614" remote="12061870532" Dst="-1" /><file name="xls.png" server="ftp.iemme.it//www.iemme.it/marss/" local="3457969614" remote="12061870532" Dst="-1" /><file name="zip.png" server="ftp.iemme.it//www.iemme.it/marss/" local="3457969614" remote="12061870532" Dst="-1" /><file name="application.png" server="ftp.iemme.it//www.iemme.it/marss1/" local="3457969614" remote="12062819252" Dst="-1" /><file name="code.png" server="ftp.iemme.it//www.iemme.it/marss1/" local="3457969614" remote="12062819252" Dst="-1" /><file name="css.png" server="ftp.iemme.it//www.iemme.it/marss1/" local="3457969614" remote="12062819252" Dst="-1" /><file name="db.png" server="ftp.iemme.it//www.iemme.it/marss1/" local="3457969614" remote="12062819252" Dst="-1" /><file name="directory.png" server="ftp.iemme.it//www.iemme.it/marss1/" local="3457969612" remote="12062819252" Dst="-1" /><file name="doc.png" server="ftp.iemme.it//www.iemme.it/marss1/" local="3457969614" remote="12062819252" Dst="-1" /><file name="file.png" server="ftp.iemme.it//www.iemme.it/marss1/" local="3457969612" remote="12062819252" Dst="-1" /><file name="film.png" server="ftp.iemme.it//www.iemme.it/marss1/" local="3457969612" remote="12062819252" Dst="-1" /><file name="flash.png" server="ftp.iemme.it//www.iemme.it/marss1/" local="3457969614" remote="12062819252" Dst="-1" /><file name="folder_open.png" server="ftp.iemme.it//www.iemme.it/marss1/" local="3457969614" remote="12062819252" Dst="-1" /><file name="html.png" server="ftp.iemme.it//www.iemme.it/marss1/" local="3457969614" remote="12062819252" Dst="-1" /><file name="java.png" server="ftp.iemme.it//www.iemme.it/marss1/" local="3457969614" remote="12062819252" Dst="-1" /><file name="linux.png" server="ftp.iemme.it//www.iemme.it/marss1/" local="3457969614" remote="12062819252" Dst="-1" /><file name="music.png" server="ftp.iemme.it//www.iemme.it/marss1/" local="3457969614" remote="12062819252" Dst="-1" /><file name="pdf.png" server="ftp.iemme.it//www.iemme.it/marss1/" local="3457969614" remote="12062819252" Dst="-1" /><file name="php.png" server="ftp.iemme.it//www.iemme.it/marss1/" local="3457969614" remote="12062819252" Dst="-1" /><file name="picture.png" server="ftp.iemme.it//www.iemme.it/marss1/" local="3457969614" remote="12062819252" Dst="-1" /><file name="ppt.png" server="ftp.iemme.it//www.iemme.it/marss1/" local="3457969614" remote="12062819252" Dst="-1" /><file name="psd.png" server="ftp.iemme.it//www.iemme.it/marss1/" local="3457969614" remote="12062819252" Dst="-1" /><file name="ruby.png" server="ftp.iemme.it//www.iemme.it/marss1/" local="3457969614" remote="12062819252" Dst="-1" /><file name="script.png" server="ftp.iemme.it//www.iemme.it/marss1/" local="3457969612" remote="12062819252" Dst="-1" /><file name="spinner.gif" server="ftp.iemme.it//www.iemme.it/marss1/" local="3457969614" remote="12062819252" Dst="-1" /><file name="txt.png" server="ftp.iemme.it//www.iemme.it/marss1/" local="3457969614" remote="12062819252" Dst="-1" /><file name="xls.png" server="ftp.iemme.it//www.iemme.it/marss1/" local="3457969614" remote="12062819252" Dst="-1" /><file name="zip.png" server="ftp.iemme.it//www.iemme.it/marss1/" local="3457969614" remote="12062819252" Dst="-1" /><file name="application.png" server="185.4.155.12/public_html/cisura_it/" local="3457969614" remote="12071014352" Dst="-1" /><file name="code.png" server="185.4.155.12/public_html/cisura_it/" local="3457969614" remote="12071014352" Dst="-1" /><file name="css.png" server="185.4.155.12/public_html/cisura_it/" local="3457969614" remote="12071014352" Dst="-1" /><file name="db.png" server="185.4.155.12/public_html/cisura_it/" local="3457969614" remote="12071014352" Dst="-1" /><file name="directory.png" server="185.4.155.12/public_html/cisura_it/" local="3457969612" remote="12071014352" Dst="-1" /><file name="doc.png" server="185.4.155.12/public_html/cisura_it/" local="3457969614" remote="12071014352" Dst="-1" /><file name="file.png" server="185.4.155.12/public_html/cisura_it/" local="3457969612" remote="12071014352" Dst="-1" /><file name="film.png" server="185.4.155.12/public_html/cisura_it/" local="3457969612" remote="12071014352" Dst="-1" /><file name="flash.png" server="185.4.155.12/public_html/cisura_it/" local="3457969614" remote="12071014352" Dst="-1" /><file name="folder_open.png" server="185.4.155.12/public_html/cisura_it/" local="3457969614" remote="12071014352" Dst="-1" /><file name="html.png" server="185.4.155.12/public_html/cisura_it/" local="3457969614" remote="12071014352" Dst="-1" /><file name="java.png" server="185.4.155.12/public_html/cisura_it/" local="3457969614" remote="12071014352" Dst="-1" /><file name="linux.png" server="185.4.155.12/public_html/cisura_it/" local="3457969614" remote="12071014352" Dst="-1" /><file name="music.png" server="185.4.155.12/public_html/cisura_it/" local="3457969614" remote="12071014352" Dst="-1" /><file name="pdf.png" server="185.4.155.12/public_html/cisura_it/" local="3457969614" remote="12071014352" Dst="-1" /><file name="php.png" server="185.4.155.12/public_html/cisura_it/" local="3457969614" remote="12071014352" Dst="-1" /><file name="picture.png" server="185.4.155.12/public_html/cisura_it/" local="3457969614" remote="12071014352" Dst="-1" /><file name="ppt.png" server="185.4.155.12/public_html/cisura_it/" local="3457969614" remote="12071014352" Dst="-1" /><file name="psd.png" server="185.4.155.12/public_html/cisura_it/" local="3457969614" remote="12071014352" Dst="-1" /><file name="ruby.png" server="185.4.155.12/public_html/cisura_it/" local="3457969614" remote="12071014352" Dst="-1" /><file name="script.png" server="185.4.155.12/public_html/cisura_it/" local="3457969612" remote="12071014352" Dst="-1" /><file name="spinner.gif" server="185.4.155.12/public_html/cisura_it/" local="3457969614" remote="12071014352" Dst="-1" /><file name="txt.png" server="185.4.155.12/public_html/cisura_it/" local="3457969614" remote="12071014352" Dst="-1" /><file name="xls.png" server="185.4.155.12/public_html/cisura_it/" local="3457969614" remote="12071014352" Dst="-1" /><file name="zip.png" server="185.4.155.12/public_html/cisura_it/" local="3457969614" remote="12071014352" Dst="-1" /><file name="application.png" server="ftp.erboristeriaantichisegreti.it//www.erboristeriaantichisegreti.it/" local="3457969614" remote="318763443878065752" Dst="-1" /><file name="code.png" server="ftp.erboristeriaantichisegreti.it//www.erboristeriaantichisegreti.it/" local="3457969614" remote="318763443878065752" Dst="-1" /><file name="css.png" server="ftp.erboristeriaantichisegreti.it//www.erboristeriaantichisegreti.it/" local="3457969614" remote="318763443878065752" Dst="-1" /><file name="db.png" server="ftp.erboristeriaantichisegreti.it//www.erboristeriaantichisegreti.it/" local="3457969614" remote="318763443878065752" Dst="-1" /><file name="directory.png" server="ftp.erboristeriaantichisegreti.it//www.erboristeriaantichisegreti.it/" local="3457969612" remote="318763443878065752" Dst="-1" /><file name="doc.png" server="ftp.erboristeriaantichisegreti.it//www.erboristeriaantichisegreti.it/" local="3457969614" remote="318763443878065752" Dst="-1" /><file name="file.png" server="ftp.erboristeriaantichisegreti.it//www.erboristeriaantichisegreti.it/" local="3457969612" remote="318763443878065752" Dst="-1" /><file name="film.png" server="ftp.erboristeriaantichisegreti.it//www.erboristeriaantichisegreti.it/" local="3457969612" remote="318763443878065752" Dst="-1" /><file name="flash.png" server="ftp.erboristeriaantichisegreti.it//www.erboristeriaantichisegreti.it/" local="3457969614" remote="318763443878065752" Dst="-1" /><file name="folder_open.png" server="ftp.erboristeriaantichisegreti.it//www.erboristeriaantichisegreti.it/" local="3457969614" remote="318763443878065752" Dst="-1" /><file name="html.png" server="ftp.erboristeriaantichisegreti.it//www.erboristeriaantichisegreti.it/" local="3457969614" remote="318763443878065752" Dst="-1" /><file name="java.png" server="ftp.erboristeriaantichisegreti.it//www.erboristeriaantichisegreti.it/" local="3457969614" remote="318763443878065752" Dst="-1" /><file name="linux.png" server="ftp.erboristeriaantichisegreti.it//www.erboristeriaantichisegreti.it/" local="3457969614" remote="318763443878065752" Dst="-1" /><file name="music.png" server="ftp.erboristeriaantichisegreti.it//www.erboristeriaantichisegreti.it/" local="3457969614" remote="318763443878065752" Dst="-1" /><file name="pdf.png" server="ftp.erboristeriaantichisegreti.it//www.erboristeriaantichisegreti.it/" local="3457969614" remote="318763443878065752" Dst="-1" /><file name="php.png" server="ftp.erboristeriaantichisegreti.it//www.erboristeriaantichisegreti.it/" local="3457969614" remote="318763443878065752" Dst="-1" /><file name="picture.png" server="ftp.erboristeriaantichisegreti.it//www.erboristeriaantichisegreti.it/" local="3457969614" remote="318763443878065752" Dst="-1" /><file name="ppt.png" server="ftp.erboristeriaantichisegreti.it//www.erboristeriaantichisegreti.it/" local="3457969614" remote="318763443878065752" Dst="-1" /><file name="psd.png" server="ftp.erboristeriaantichisegreti.it//www.erboristeriaantichisegreti.it/" local="3457969614" remote="318763443878065752" Dst="-1" /><file name="ruby.png" server="ftp.erboristeriaantichisegreti.it//www.erboristeriaantichisegreti.it/" local="3457969614" remote="318763443878065752" Dst="-1" /><file name="script.png" server="ftp.erboristeriaantichisegreti.it//www.erboristeriaantichisegreti.it/" local="3457969612" remote="318763443878065752" Dst="-1" /><file name="spinner.gif" server="ftp.erboristeriaantichisegreti.it//www.erboristeriaantichisegreti.it/" local="3457969614" remote="318763443878065752" Dst="-1" /><file name="txt.png" server="ftp.erboristeriaantichisegreti.it//www.erboristeriaantichisegreti.it/" local="3457969614" remote="318763443878065752" Dst="-1" /><file name="xls.png" server="ftp.erboristeriaantichisegreti.it//www.erboristeriaantichisegreti.it/" local="3457969614" remote="318763443878065752" Dst="-1" /><file name="zip.png" server="ftp.erboristeriaantichisegreti.it//www.erboristeriaantichisegreti.it/" local="3457969614" remote="318763443878065752" Dst="-1" /><file name="application.png" server="185.4.155.12/public_html/rosaorlando_it/" local="3457969614" remote="318763443880029852" Dst="-1" /><file name="code.png" server="185.4.155.12/public_html/rosaorlando_it/" local="3457969614" remote="318763443880029852" Dst="-1" /><file name="css.png" server="185.4.155.12/public_html/rosaorlando_it/" local="3457969614" remote="318763443880029852" Dst="-1" /><file name="db.png" server="185.4.155.12/public_html/rosaorlando_it/" local="3457969614" remote="318763443880029852" Dst="-1" /><file name="directory.png" server="185.4.155.12/public_html/rosaorlando_it/" local="3457969612" remote="318763443880029852" Dst="-1" /><file name="doc.png" server="185.4.155.12/public_html/rosaorlando_it/" local="3457969614" remote="318763443880029852" Dst="-1" /><file name="file.png" server="185.4.155.12/public_html/rosaorlando_it/" local="3457969612" remote="318763443880029852" Dst="-1" /><file name="film.png" server="185.4.155.12/public_html/rosaorlando_it/" local="3457969612" remote="318763443880029852" Dst="-1" /><file name="flash.png" server="185.4.155.12/public_html/rosaorlando_it/" local="3457969614" remote="318763443880029852" Dst="-1" /><file name="folder_open.png" server="185.4.155.12/public_html/rosaorlando_it/" local="3457969614" remote="318763443880029852" Dst="-1" /><file name="html.png" server="185.4.155.12/public_html/rosaorlando_it/" local="3457969614" remote="318763443880029852" Dst="-1" /><file name="java.png" server="185.4.155.12/public_html/rosaorlando_it/" local="3457969614" remote="318763443880029852" Dst="-1" /><file name="linux.png" server="185.4.155.12/public_html/rosaorlando_it/" local="3457969614" remote="318763443880029852" Dst="-1" /><file name="music.png" server="185.4.155.12/public_html/rosaorlando_it/" local="3457969614" remote="318763443880029852" Dst="-1" /><file name="pdf.png" server="185.4.155.12/public_html/rosaorlando_it/" local="3457969614" remote="318763443880029852" Dst="-1" /><file name="php.png" server="185.4.155.12/public_html/rosaorlando_it/" local="3457969614" remote="318763443880029852" Dst="-1" /><file name="picture.png" server="185.4.155.12/public_html/rosaorlando_it/" local="3457969614" remote="318763443880029852" Dst="-1" /><file name="ppt.png" server="185.4.155.12/public_html/rosaorlando_it/" local="3457969614" remote="318763443880029852" Dst="-1" /><file name="psd.png" server="185.4.155.12/public_html/rosaorlando_it/" local="3457969614" remote="318763443880029852" Dst="-1" /><file name="ruby.png" server="185.4.155.12/public_html/rosaorlando_it/" local="3457969614" remote="318763443880029852" Dst="-1" /><file name="script.png" server="185.4.155.12/public_html/rosaorlando_it/" local="3457969612" remote="318763443880029852" Dst="-1" /><file name="spinner.gif" server="185.4.155.12/public_html/rosaorlando_it/" local="3457969614" remote="318763443880029852" Dst="-1" /><file name="txt.png" server="185.4.155.12/public_html/rosaorlando_it/" local="3457969614" remote="318763443880029852" Dst="-1" /><file name="xls.png" server="185.4.155.12/public_html/rosaorlando_it/" local="3457969614" remote="318763443880029852" Dst="-1" /><file name="zip.png" server="185.4.155.12/public_html/rosaorlando_it/" local="3457969614" remote="318763443880029852" Dst="-1" /><file name="application.png" server="185.4.155.12/public_html/sekurbox_it/" local="3457969614" remote="318763443885647892" Dst="-1" /><file name="code.png" server="185.4.155.12/public_html/sekurbox_it/" local="3457969614" remote="318763443885647892" Dst="-1" /><file name="css.png" server="185.4.155.12/public_html/sekurbox_it/" local="3457969614" remote="318763443885647892" Dst="-1" /><file name="db.png" server="185.4.155.12/public_html/sekurbox_it/" local="3457969614" remote="318763443885647892" Dst="-1" /><file name="directory.png" server="185.4.155.12/public_html/sekurbox_it/" local="3457969612" remote="318763443885647892" Dst="-1" /><file name="doc.png" server="185.4.155.12/public_html/sekurbox_it/" local="3457969614" remote="318763443885647892" Dst="-1" /><file name="file.png" server="185.4.155.12/public_html/sekurbox_it/" local="3457969612" remote="318763443885647892" Dst="-1" /><file name="film.png" server="185.4.155.12/public_html/sekurbox_it/" local="3457969612" remote="318763443885647892" Dst="-1" /><file name="flash.png" server="185.4.155.12/public_html/sekurbox_it/" local="3457969614" remote="318763443885647892" Dst="-1" /><file name="folder_open.png" server="185.4.155.12/public_html/sekurbox_it/" local="3457969614" remote="318763443885647892" Dst="-1" /><file name="html.png" server="185.4.155.12/public_html/sekurbox_it/" local="3457969614" remote="318763443885647892" Dst="-1" /><file name="java.png" server="185.4.155.12/public_html/sekurbox_it/" local="3457969614" remote="318763443885647892" Dst="-1" /><file name="linux.png" server="185.4.155.12/public_html/sekurbox_it/" local="3457969614" remote="318763443885647892" Dst="-1" /><file name="music.png" server="185.4.155.12/public_html/sekurbox_it/" local="3457969614" remote="318763443885647892" Dst="-1" /><file name="pdf.png" server="185.4.155.12/public_html/sekurbox_it/" local="3457969614" remote="318763443885647892" Dst="-1" /><file name="php.png" server="185.4.155.12/public_html/sekurbox_it/" local="3457969614" remote="318763443885647892" Dst="-1" /><file name="picture.png" server="185.4.155.12/public_html/sekurbox_it/" local="3457969614" remote="318763443885647892" Dst="-1" /><file name="ppt.png" server="185.4.155.12/public_html/sekurbox_it/" local="3457969614" remote="318763443885647892" Dst="-1" /><file name="psd.png" server="185.4.155.12/public_html/sekurbox_it/" local="3457969614" remote="318763443885647892" Dst="-1" /><file name="ruby.png" server="185.4.155.12/public_html/sekurbox_it/" local="3457969614" remote="318763443885647892" Dst="-1" /><file name="script.png" server="185.4.155.12/public_html/sekurbox_it/" local="3457969612" remote="318763443885647892" Dst="-1" /><file name="spinner.gif" server="185.4.155.12/public_html/sekurbox_it/" local="3457969614" remote="318763443885647892" Dst="-1" /><file name="txt.png" server="185.4.155.12/public_html/sekurbox_it/" local="3457969614" remote="318763443885647892" Dst="-1" /><file name="xls.png" server="185.4.155.12/public_html/sekurbox_it/" local="3457969614" remote="318763443885647892" Dst="-1" /><file name="zip.png" server="185.4.155.12/public_html/sekurbox_it/" local="3457969614" remote="318763443885647892" Dst="-1" /><file name="application.png" server="ftp.sekurbox.it//htdocs/" local="3457969614" remote="318763443889025232" Dst="-1" /><file name="code.png" server="ftp.sekurbox.it//htdocs/" local="3457969614" remote="318763443889025232" Dst="-1" /><file name="css.png" server="ftp.sekurbox.it//htdocs/" local="3457969614" remote="318763443889025232" Dst="-1" /><file name="db.png" server="ftp.sekurbox.it//htdocs/" local="3457969614" remote="318763443889025232" Dst="-1" /><file name="directory.png" server="ftp.sekurbox.it//htdocs/" local="3457969612" remote="318763443889025232" Dst="-1" /><file name="doc.png" server="ftp.sekurbox.it//htdocs/" local="3457969614" remote="318763443889025232" Dst="-1" /><file name="file.png" server="ftp.sekurbox.it//htdocs/" local="3457969612" remote="318763443889025232" Dst="-1" /><file name="film.png" server="ftp.sekurbox.it//htdocs/" local="3457969612" remote="318763443889025232" Dst="-1" /><file name="flash.png" server="ftp.sekurbox.it//htdocs/" local="3457969614" remote="318763443889025232" Dst="-1" /><file name="folder_open.png" server="ftp.sekurbox.it//htdocs/" local="3457969614" remote="318763443889025232" Dst="-1" /><file name="html.png" server="ftp.sekurbox.it//htdocs/" local="3457969614" remote="318763443889025232" Dst="-1" /><file name="java.png" server="ftp.sekurbox.it//htdocs/" local="3457969614" remote="318763443889025232" Dst="-1" /><file name="linux.png" server="ftp.sekurbox.it//htdocs/" local="3457969614" remote="318763443889025232" Dst="-1" /><file name="music.png" server="ftp.sekurbox.it//htdocs/" local="3457969614" remote="318763443889025232" Dst="-1" /><file name="pdf.png" server="ftp.sekurbox.it//htdocs/" local="3457969614" remote="318763443889025232" Dst="-1" /><file name="php.png" server="ftp.sekurbox.it//htdocs/" local="3457969614" remote="318763443889025232" Dst="-1" /><file name="picture.png" server="ftp.sekurbox.it//htdocs/" local="3457969614" remote="318763443889025232" Dst="-1" /><file name="ppt.png" server="ftp.sekurbox.it//htdocs/" local="3457969614" remote="318763443889025232" Dst="-1" /><file name="psd.png" server="ftp.sekurbox.it//htdocs/" local="3457969614" remote="318763443889025232" Dst="-1" /><file name="ruby.png" server="ftp.sekurbox.it//htdocs/" local="3457969614" remote="318763443889025232" Dst="-1" /><file name="script.png" server="ftp.sekurbox.it//htdocs/" local="3457969612" remote="318763443889025232" Dst="-1" /><file name="spinner.gif" server="ftp.sekurbox.it//htdocs/" local="3457969614" remote="318763443889025232" Dst="-1" /><file name="txt.png" server="ftp.sekurbox.it//htdocs/" local="3457969614" remote="318763443889025232" Dst="-1" /><file name="xls.png" server="ftp.sekurbox.it//htdocs/" local="3457969614" remote="318763443889025232" Dst="-1" /><file name="zip.png" server="ftp.sekurbox.it//htdocs/" local="3457969614" remote="318763443889025232" Dst="-1" /></dwsync>