<?xml version="1.0" encoding="utf-8" ?><dwsync><file name="close.png" server="ftp.iemme.it//www.iemme.it/marss/" local="3457969606" remote="12061870412" Dst="-1" /><file name="dateArrows.png" server="ftp.iemme.it//www.iemme.it/marss/" local="3457969606" remote="12061870412" Dst="-1" /><file name="handle.png" server="ftp.iemme.it//www.iemme.it/marss/" local="3457969606" remote="12061870412" Dst="-1" /><file name="pboverlay.png" server="ftp.iemme.it//www.iemme.it/marss/" local="3457969606" remote="12061870412" Dst="-1" /><file name="slider.png" server="ftp.iemme.it//www.iemme.it/marss/" local="3457969606" remote="12061870412" Dst="-1" /><file name="ui-bg_flat_0_aaaaaa_40x100.png" server="ftp.iemme.it//www.iemme.it/marss/" local="3457969606" remote="12061870412" Dst="-1" /><file name="ui-bg_flat_75_ffffff_40x100.png" server="ftp.iemme.it//www.iemme.it/marss/" local="3457969606" remote="12061870412" Dst="-1" /><file name="ui-bg_glass_55_fbf9ee_1x400.png" server="ftp.iemme.it//www.iemme.it/marss/" local="3457969606" remote="12061870412" Dst="-1" /><file name="ui-bg_glass_65_ffffff_1x400.png" server="ftp.iemme.it//www.iemme.it/marss/" local="3457969606" remote="12061870412" Dst="-1" /><file name="ui-bg_glass_75_dadada_1x400.png" server="ftp.iemme.it//www.iemme.it/marss/" local="3457969606" remote="12061870412" Dst="-1" /><file name="ui-bg_glass_75_e6e6e6_1x400.png" server="ftp.iemme.it//www.iemme.it/marss/" local="3457969606" remote="12061870412" Dst="-1" /><file name="ui-bg_glass_95_fef1ec_1x400.png" server="ftp.iemme.it//www.iemme.it/marss/" local="3457969606" remote="12061870412" Dst="-1" /><file name="ui-bg_highlight-soft_75_cccccc_1x100.png" server="ftp.iemme.it//www.iemme.it/marss/" local="3457969606" remote="12061870412" Dst="-1" /><file name="ui-icons_222222_256x240.png" server="ftp.iemme.it//www.iemme.it/marss/" local="3457969606" remote="12061870412" Dst="-1" /><file name="ui-icons_2e83ff_256x240.png" server="ftp.iemme.it//www.iemme.it/marss/" local="3457969606" remote="12061870412" Dst="-1" /><file name="ui-icons_454545_256x240.png" server="ftp.iemme.it//www.iemme.it/marss/" local="3457969606" remote="12061870412" Dst="-1" /><file name="ui-icons_888888_256x240.png" server="ftp.iemme.it//www.iemme.it/marss/" local="3457969606" remote="12061870412" Dst="-1" /><file name="ui-icons_cd0a0a_256x240.png" server="ftp.iemme.it//www.iemme.it/marss/" local="3457969606" remote="12061870412" Dst="-1" /><file name="close.png" server="ftp.iemme.it//www.iemme.it/marss1/" local="3457969606" remote="12062818772" Dst="-1" /><file name="dateArrows.png" server="ftp.iemme.it//www.iemme.it/marss1/" local="3457969606" remote="12062818772" Dst="-1" /><file name="handle.png" server="ftp.iemme.it//www.iemme.it/marss1/" local="3457969606" remote="12062818772" Dst="-1" /><file name="pboverlay.png" server="ftp.iemme.it//www.iemme.it/marss1/" local="3457969606" remote="12062818772" Dst="-1" /><file name="slider.png" server="ftp.iemme.it//www.iemme.it/marss1/" local="3457969606" remote="12062818772" Dst="-1" /><file name="ui-bg_flat_0_aaaaaa_40x100.png" server="ftp.iemme.it//www.iemme.it/marss1/" local="3457969606" remote="12062818772" Dst="-1" /><file name="ui-bg_flat_75_ffffff_40x100.png" server="ftp.iemme.it//www.iemme.it/marss1/" local="3457969606" remote="12062818772" Dst="-1" /><file name="ui-bg_glass_55_fbf9ee_1x400.png" server="ftp.iemme.it//www.iemme.it/marss1/" local="3457969606" remote="12062818772" Dst="-1" /><file name="ui-bg_glass_65_ffffff_1x400.png" server="ftp.iemme.it//www.iemme.it/marss1/" local="3457969606" remote="12062818772" Dst="-1" /><file name="ui-bg_glass_75_dadada_1x400.png" server="ftp.iemme.it//www.iemme.it/marss1/" local="3457969606" remote="12062818772" Dst="-1" /><file name="ui-bg_glass_75_e6e6e6_1x400.png" server="ftp.iemme.it//www.iemme.it/marss1/" local="3457969606" remote="12062818772" Dst="-1" /><file name="ui-bg_glass_95_fef1ec_1x400.png" server="ftp.iemme.it//www.iemme.it/marss1/" local="3457969606" remote="12062818772" Dst="-1" /><file name="ui-bg_highlight-soft_75_cccccc_1x100.png" server="ftp.iemme.it//www.iemme.it/marss1/" local="3457969606" remote="12062818772" Dst="-1" /><file name="ui-icons_222222_256x240.png" server="ftp.iemme.it//www.iemme.it/marss1/" local="3457969606" remote="12062818772" Dst="-1" /><file name="ui-icons_2e83ff_256x240.png" server="ftp.iemme.it//www.iemme.it/marss1/" local="3457969606" remote="12062818772" Dst="-1" /><file name="ui-icons_454545_256x240.png" server="ftp.iemme.it//www.iemme.it/marss1/" local="3457969606" remote="12062818772" Dst="-1" /><file name="ui-icons_888888_256x240.png" server="ftp.iemme.it//www.iemme.it/marss1/" local="3457969606" remote="12062818772" Dst="-1" /><file name="ui-icons_cd0a0a_256x240.png" server="ftp.iemme.it//www.iemme.it/marss1/" local="3457969606" remote="12062818772" Dst="-1" /><file name="close.png" server="185.4.155.12/public_html/cisura_it/" local="3457969606" remote="12071014172" Dst="-1" /><file name="dateArrows.png" server="185.4.155.12/public_html/cisura_it/" local="3457969606" remote="12071014172" Dst="-1" /><file name="handle.png" server="185.4.155.12/public_html/cisura_it/" local="3457969606" remote="12071014172" Dst="-1" /><file name="pboverlay.png" server="185.4.155.12/public_html/cisura_it/" local="3457969606" remote="12071014172" Dst="-1" /><file name="slider.png" server="185.4.155.12/public_html/cisura_it/" local="3457969606" remote="12071014172" Dst="-1" /><file name="ui-bg_flat_0_aaaaaa_40x100.png" server="185.4.155.12/public_html/cisura_it/" local="3457969606" remote="12071014172" Dst="-1" /><file name="ui-bg_flat_75_ffffff_40x100.png" server="185.4.155.12/public_html/cisura_it/" local="3457969606" remote="12071014172" Dst="-1" /><file name="ui-bg_glass_55_fbf9ee_1x400.png" server="185.4.155.12/public_html/cisura_it/" local="3457969606" remote="12071014172" Dst="-1" /><file name="ui-bg_glass_65_ffffff_1x400.png" server="185.4.155.12/public_html/cisura_it/" local="3457969606" remote="12071014172" Dst="-1" /><file name="ui-bg_glass_75_dadada_1x400.png" server="185.4.155.12/public_html/cisura_it/" local="3457969606" remote="12071014172" Dst="-1" /><file name="ui-bg_glass_75_e6e6e6_1x400.png" server="185.4.155.12/public_html/cisura_it/" local="3457969606" remote="12071014172" Dst="-1" /><file name="ui-bg_glass_95_fef1ec_1x400.png" server="185.4.155.12/public_html/cisura_it/" local="3457969606" remote="12071014172" Dst="-1" /><file name="ui-bg_highlight-soft_75_cccccc_1x100.png" server="185.4.155.12/public_html/cisura_it/" local="3457969606" remote="12071014172" Dst="-1" /><file name="ui-icons_222222_256x240.png" server="185.4.155.12/public_html/cisura_it/" local="3457969606" remote="12071014172" Dst="-1" /><file name="ui-icons_2e83ff_256x240.png" server="185.4.155.12/public_html/cisura_it/" local="3457969606" remote="12071014172" Dst="-1" /><file name="ui-icons_454545_256x240.png" server="185.4.155.12/public_html/cisura_it/" local="3457969606" remote="12071014172" Dst="-1" /><file name="ui-icons_888888_256x240.png" server="185.4.155.12/public_html/cisura_it/" local="3457969606" remote="12071014172" Dst="-1" /><file name="ui-icons_cd0a0a_256x240.png" server="185.4.155.12/public_html/cisura_it/" local="3457969606" remote="12071014172" Dst="-1" /><file name="close.png" server="ftp.erboristeriaantichisegreti.it//www.erboristeriaantichisegreti.it/" local="3457969606" remote="318763443878065512" Dst="-1" /><file name="dateArrows.png" server="ftp.erboristeriaantichisegreti.it//www.erboristeriaantichisegreti.it/" local="3457969606" remote="318763443878065512" Dst="-1" /><file name="handle.png" server="ftp.erboristeriaantichisegreti.it//www.erboristeriaantichisegreti.it/" local="3457969606" remote="318763443878065512" Dst="-1" /><file name="pboverlay.png" server="ftp.erboristeriaantichisegreti.it//www.erboristeriaantichisegreti.it/" local="3457969606" remote="318763443878065512" Dst="-1" /><file name="slider.png" server="ftp.erboristeriaantichisegreti.it//www.erboristeriaantichisegreti.it/" local="3457969606" remote="318763443878065512" Dst="-1" /><file name="ui-bg_flat_0_aaaaaa_40x100.png" server="ftp.erboristeriaantichisegreti.it//www.erboristeriaantichisegreti.it/" local="3457969606" remote="318763443878065512" Dst="-1" /><file name="ui-bg_flat_75_ffffff_40x100.png" server="ftp.erboristeriaantichisegreti.it//www.erboristeriaantichisegreti.it/" local="3457969606" remote="318763443878065512" Dst="-1" /><file name="ui-bg_glass_55_fbf9ee_1x400.png" server="ftp.erboristeriaantichisegreti.it//www.erboristeriaantichisegreti.it/" local="3457969606" remote="318763443878065512" Dst="-1" /><file name="ui-bg_glass_65_ffffff_1x400.png" server="ftp.erboristeriaantichisegreti.it//www.erboristeriaantichisegreti.it/" local="3457969606" remote="318763443878065512" Dst="-1" /><file name="ui-bg_glass_75_dadada_1x400.png" server="ftp.erboristeriaantichisegreti.it//www.erboristeriaantichisegreti.it/" local="3457969606" remote="318763443878065512" Dst="-1" /><file name="ui-bg_glass_75_e6e6e6_1x400.png" server="ftp.erboristeriaantichisegreti.it//www.erboristeriaantichisegreti.it/" local="3457969606" remote="318763443878065512" Dst="-1" /><file name="ui-bg_glass_95_fef1ec_1x400.png" server="ftp.erboristeriaantichisegreti.it//www.erboristeriaantichisegreti.it/" local="3457969606" remote="318763443878065572" Dst="-1" /><file name="ui-bg_highlight-soft_75_cccccc_1x100.png" server="ftp.erboristeriaantichisegreti.it//www.erboristeriaantichisegreti.it/" local="3457969606" remote="318763443878065572" Dst="-1" /><file name="ui-icons_222222_256x240.png" server="ftp.erboristeriaantichisegreti.it//www.erboristeriaantichisegreti.it/" local="3457969606" remote="318763443878065572" Dst="-1" /><file name="ui-icons_2e83ff_256x240.png" server="ftp.erboristeriaantichisegreti.it//www.erboristeriaantichisegreti.it/" local="3457969606" remote="318763443878065572" Dst="-1" /><file name="ui-icons_454545_256x240.png" server="ftp.erboristeriaantichisegreti.it//www.erboristeriaantichisegreti.it/" local="3457969606" remote="318763443878065572" Dst="-1" /><file name="ui-icons_888888_256x240.png" server="ftp.erboristeriaantichisegreti.it//www.erboristeriaantichisegreti.it/" local="3457969606" remote="318763443878065572" Dst="-1" /><file name="ui-icons_cd0a0a_256x240.png" server="ftp.erboristeriaantichisegreti.it//www.erboristeriaantichisegreti.it/" local="3457969606" remote="318763443878065572" Dst="-1" /><file name="close.png" server="185.4.155.12/public_html/rosaorlando_it/" local="3457969606" remote="318763443880029672" Dst="-1" /><file name="dateArrows.png" server="185.4.155.12/public_html/rosaorlando_it/" local="3457969606" remote="318763443880029672" Dst="-1" /><file name="handle.png" server="185.4.155.12/public_html/rosaorlando_it/" local="3457969606" remote="318763443880029672" Dst="-1" /><file name="pboverlay.png" server="185.4.155.12/public_html/rosaorlando_it/" local="3457969606" remote="318763443880029672" Dst="-1" /><file name="slider.png" server="185.4.155.12/public_html/rosaorlando_it/" local="3457969606" remote="318763443880029672" Dst="-1" /><file name="ui-bg_flat_0_aaaaaa_40x100.png" server="185.4.155.12/public_html/rosaorlando_it/" local="3457969606" remote="318763443880029672" Dst="-1" /><file name="ui-bg_flat_75_ffffff_40x100.png" server="185.4.155.12/public_html/rosaorlando_it/" local="3457969606" remote="318763443880029672" Dst="-1" /><file name="ui-bg_glass_55_fbf9ee_1x400.png" server="185.4.155.12/public_html/rosaorlando_it/" local="3457969606" remote="318763443880029672" Dst="-1" /><file name="ui-bg_glass_65_ffffff_1x400.png" server="185.4.155.12/public_html/rosaorlando_it/" local="3457969606" remote="318763443880029672" Dst="-1" /><file name="ui-bg_glass_75_dadada_1x400.png" server="185.4.155.12/public_html/rosaorlando_it/" local="3457969606" remote="318763443880029672" Dst="-1" /><file name="ui-bg_glass_75_e6e6e6_1x400.png" server="185.4.155.12/public_html/rosaorlando_it/" local="3457969606" remote="318763443880029672" Dst="-1" /><file name="ui-bg_glass_95_fef1ec_1x400.png" server="185.4.155.12/public_html/rosaorlando_it/" local="3457969606" remote="318763443880029672" Dst="-1" /><file name="ui-bg_highlight-soft_75_cccccc_1x100.png" server="185.4.155.12/public_html/rosaorlando_it/" local="3457969606" remote="318763443880029672" Dst="-1" /><file name="ui-icons_222222_256x240.png" server="185.4.155.12/public_html/rosaorlando_it/" local="3457969606" remote="318763443880029672" Dst="-1" /><file name="ui-icons_2e83ff_256x240.png" server="185.4.155.12/public_html/rosaorlando_it/" local="3457969606" remote="318763443880029672" Dst="-1" /><file name="ui-icons_454545_256x240.png" server="185.4.155.12/public_html/rosaorlando_it/" local="3457969606" remote="318763443880029672" Dst="-1" /><file name="ui-icons_888888_256x240.png" server="185.4.155.12/public_html/rosaorlando_it/" local="3457969606" remote="318763443880029672" Dst="-1" /><file name="ui-icons_cd0a0a_256x240.png" server="185.4.155.12/public_html/rosaorlando_it/" local="3457969606" remote="318763443880029672" Dst="-1" /><file name="close.png" server="185.4.155.12/public_html/sekurbox_it/" local="3457969606" remote="318763443885647712" Dst="-1" /><file name="dateArrows.png" server="185.4.155.12/public_html/sekurbox_it/" local="3457969606" remote="318763443885647712" Dst="-1" /><file name="handle.png" server="185.4.155.12/public_html/sekurbox_it/" local="3457969606" remote="318763443885647712" Dst="-1" /><file name="pboverlay.png" server="185.4.155.12/public_html/sekurbox_it/" local="3457969606" remote="318763443885647712" Dst="-1" /><file name="ui-bg_flat_0_aaaaaa_40x100.png" server="185.4.155.12/public_html/sekurbox_it/" local="3457969606" remote="318763443885647712" Dst="-1" /><file name="ui-bg_flat_75_ffffff_40x100.png" server="185.4.155.12/public_html/sekurbox_it/" local="3457969606" remote="318763443885647712" Dst="-1" /><file name="slider.png" server="185.4.155.12/public_html/sekurbox_it/" local="3457969606" remote="318763443885647712" Dst="-1" /><file name="ui-bg_glass_55_fbf9ee_1x400.png" server="185.4.155.12/public_html/sekurbox_it/" local="3457969606" remote="318763443885647712" Dst="-1" /><file name="ui-bg_glass_65_ffffff_1x400.png" server="185.4.155.12/public_html/sekurbox_it/" local="3457969606" remote="318763443885647712" Dst="-1" /><file name="ui-bg_glass_75_dadada_1x400.png" server="185.4.155.12/public_html/sekurbox_it/" local="3457969606" remote="318763443885647712" Dst="-1" /><file name="ui-bg_glass_75_e6e6e6_1x400.png" server="185.4.155.12/public_html/sekurbox_it/" local="3457969606" remote="318763443885647712" Dst="-1" /><file name="ui-bg_glass_95_fef1ec_1x400.png" server="185.4.155.12/public_html/sekurbox_it/" local="3457969606" remote="318763443885647712" Dst="-1" /><file name="ui-bg_highlight-soft_75_cccccc_1x100.png" server="185.4.155.12/public_html/sekurbox_it/" local="3457969606" remote="318763443885647712" Dst="-1" /><file name="ui-icons_222222_256x240.png" server="185.4.155.12/public_html/sekurbox_it/" local="3457969606" remote="318763443885647712" Dst="-1" /><file name="ui-icons_2e83ff_256x240.png" server="185.4.155.12/public_html/sekurbox_it/" local="3457969606" remote="318763443885647712" Dst="-1" /><file name="ui-icons_454545_256x240.png" server="185.4.155.12/public_html/sekurbox_it/" local="3457969606" remote="318763443885647712" Dst="-1" /><file name="ui-icons_888888_256x240.png" server="185.4.155.12/public_html/sekurbox_it/" local="3457969606" remote="318763443885647712" Dst="-1" /><file name="ui-icons_cd0a0a_256x240.png" server="185.4.155.12/public_html/sekurbox_it/" local="3457969606" remote="318763443885647712" Dst="-1" /><file name="close.png" server="ftp.sekurbox.it//htdocs/" local="3457969606" remote="318763443889024992" Dst="-1" /><file name="dateArrows.png" server="ftp.sekurbox.it//htdocs/" local="3457969606" remote="318763443889024992" Dst="-1" /><file name="handle.png" server="ftp.sekurbox.it//htdocs/" local="3457969606" remote="318763443889024992" Dst="-1" /><file name="pboverlay.png" server="ftp.sekurbox.it//htdocs/" local="3457969606" remote="318763443889024992" Dst="-1" /><file name="ui-bg_flat_0_aaaaaa_40x100.png" server="ftp.sekurbox.it//htdocs/" local="3457969606" remote="318763443889024992" Dst="-1" /><file name="slider.png" server="ftp.sekurbox.it//htdocs/" local="3457969606" remote="318763443889024992" Dst="-1" /><file name="ui-bg_flat_75_ffffff_40x100.png" server="ftp.sekurbox.it//htdocs/" local="3457969606" remote="318763443889024992" Dst="-1" /><file name="ui-bg_glass_55_fbf9ee_1x400.png" server="ftp.sekurbox.it//htdocs/" local="3457969606" remote="318763443889024992" Dst="-1" /><file name="ui-bg_glass_65_ffffff_1x400.png" server="ftp.sekurbox.it//htdocs/" local="3457969606" remote="318763443889024992" Dst="-1" /><file name="ui-bg_glass_75_dadada_1x400.png" server="ftp.sekurbox.it//htdocs/" local="3457969606" remote="318763443889024992" Dst="-1" /><file name="ui-bg_glass_75_e6e6e6_1x400.png" server="ftp.sekurbox.it//htdocs/" local="3457969606" remote="318763443889024992" Dst="-1" /><file name="ui-bg_glass_95_fef1ec_1x400.png" server="ftp.sekurbox.it//htdocs/" local="3457969606" remote="318763443889024992" Dst="-1" /><file name="ui-bg_highlight-soft_75_cccccc_1x100.png" server="ftp.sekurbox.it//htdocs/" local="3457969606" remote="318763443889024992" Dst="-1" /><file name="ui-icons_222222_256x240.png" server="ftp.sekurbox.it//htdocs/" local="3457969606" remote="318763443889024992" Dst="-1" /><file name="ui-icons_2e83ff_256x240.png" server="ftp.sekurbox.it//htdocs/" local="3457969606" remote="318763443889024992" Dst="-1" /><file name="ui-icons_454545_256x240.png" server="ftp.sekurbox.it//htdocs/" local="3457969606" remote="318763443889024992" Dst="-1" /><file name="ui-icons_888888_256x240.png" server="ftp.sekurbox.it//htdocs/" local="3457969606" remote="318763443889024992" Dst="-1" /><file name="ui-icons_cd0a0a_256x240.png" server="ftp.sekurbox.it//htdocs/" local="3457969606" remote="318763443889024992" Dst="-1" /></dwsync>